-- phpMyAdmin SQL Dump
-- version 4.9.5deb2
-- https://www.phpmyadmin.net/
--
-- Host: localhost:3306
-- Tempo de geração: 20-Fev-2021 às 18:57
-- Versão do servidor: 10.3.25-MariaDB-0ubuntu0.20.04.1
-- versão do PHP: 7.2.34-1+ubuntu18.04.1+deb.sury.org+1

SET SQL_MODE = "NO_AUTO_VALUE_ON_ZERO";
SET AUTOCOMMIT = 0;
START TRANSACTION;
SET time_zone = "+00:00";


/*!40101 SET @OLD_CHARACTER_SET_CLIENT=@@CHARACTER_SET_CLIENT */;
/*!40101 SET @OLD_CHARACTER_SET_RESULTS=@@CHARACTER_SET_RESULTS */;
/*!40101 SET @OLD_COLLATION_CONNECTION=@@COLLATION_CONNECTION */;
/*!40101 SET NAMES utf8mb4 */;

--
-- Banco de dados: `investimento`
--

DELIMITER $$
--
-- Procedimentos
--
CREATE DEFINER=`fer`@`localhost` PROCEDURE `spPatrimonioPeriodo` (IN `ano` INT, IN `mes` INT, IN `dia` INT, IN `soma` BOOL)  BEGIN
	
    if soma = true then
		select 
			sum(valor) as Total 
		from 
			informe 
		where 
			year(dtInforme)=ano and month(dtInforme)=mes
			and day(dtInforme)=dia;
    else
		select 
			*
		from 
			informe 
		where 
			year(dtInforme)=ano and month(dtInforme)=mes
			and day(dtInforme)=dia;
    end if;
    
END$$

DELIMITER ;

-- --------------------------------------------------------

--
-- Estrutura da tabela `aportes`
--

CREATE TABLE `aportes` (
  `cdAporte` bigint(20) NOT NULL,
  `cdPapel` bigint(20) NOT NULL,
  `valor` decimal(12,2) NOT NULL,
  `qtde` int(11) NOT NULL,
  `subTotal` decimal(12,2) NOT NULL,
  `dtAporte` datetime DEFAULT current_timestamp(),
  `cdStatus` int(11) NOT NULL,
  `taxaRetorno` decimal(12,4) DEFAULT 0.0000,
  `taxaAdmin` decimal(12,4) DEFAULT 0.0000,
  `cdUsuario` bigint(20) NOT NULL
) ENGINE=InnoDB DEFAULT CHARSET=utf8;

--
-- Extraindo dados da tabela `aportes`
--

INSERT INTO `aportes` (`cdAporte`, `cdPapel`, `valor`, `qtde`, `subTotal`, `dtAporte`, `cdStatus`, `taxaRetorno`, `taxaAdmin`, `cdUsuario`) VALUES
(46, 24, '104.33', 5, '521.65', '2019-12-09 21:28:39', 1, '4.4000', '0.1000', 2),
(50, 26, '10.04', 69, '692.76', '2020-06-01 22:21:33', 2, '0.0000', '0.0000', 2),
(51, 27, '116.99', 2, '233.98', '2020-05-11 22:23:00', 2, '0.0000', '0.2000', 2),
(52, 27, '113.50', 1, '113.50', '2020-05-13 22:23:46', 2, '0.0000', '0.0000', 2),
(53, 32, '19.25', 13, '250.25', '2020-06-01 23:54:13', 2, '0.0000', '0.0000', 2),
(54, 34, '0.76', 111, '84.36', '2020-06-01 23:54:42', 2, '0.0000', '0.0000', 2),
(55, 31, '20.95', 24, '502.80', '2020-06-01 23:55:05', 2, '0.0000', '0.0000', 2),
(56, 30, '52.68', 6, '316.08', '2020-06-01 23:55:32', 2, '0.0000', '0.0000', 2),
(64, 37, '181.30', 1, '181.30', '2020-01-09 03:51:40', 1, '0.0000', '0.0000', 2),
(66, 33, '5.82', 20, '116.40', '2020-06-03 11:09:12', 2, '0.0000', '0.0000', 2),
(67, 39, '10.00', 1, '10.00', '2020-01-02 08:52:30', 1, '4.2500', '0.1000', 1),
(68, 40, '8.41', 10, '84.10', '2020-06-04 08:54:10', 1, '0.0000', '0.0000', 1),
(69, 41, '0.70', 1, '0.70', '2020-06-04 08:55:08', 1, '0.0000', '0.0000', 1),
(70, 26, '9.91', 20, '198.20', '2020-06-03 09:04:42', 2, '0.0000', '0.0000', 2),
(72, 35, '136.69', 1, '136.69', '2020-01-09 09:53:29', 1, '0.0000', '0.0000', 2),
(73, 36, '106.45', 2, '212.90', '2020-01-09 09:53:59', 2, '0.0000', '0.0000', 2),
(75, 37, '179.83', 2, '359.66', '2020-02-10 09:55:37', 1, '0.0000', '0.0000', 2),
(76, 35, '129.55', 1, '129.55', '2020-02-10 09:56:06', 1, '0.0000', '0.0000', 2),
(77, 36, '78.93', 2, '157.86', '2020-04-08 09:57:59', 2, '0.0000', '0.0000', 2),
(78, 35, '105.80', 1, '105.80', '2020-04-08 09:58:27', 1, '0.0000', '0.0000', 2),
(79, 37, '150.85', 1, '150.85', '2020-04-08 09:59:00', 1, '0.0000', '0.0000', 2),
(80, 36, '85.00', 1, '85.00', '2020-04-23 09:59:39', 2, '0.0000', '0.0000', 2),
(81, 35, '107.78', 1, '107.78', '2020-04-23 10:00:01', 1, '0.0000', '0.0000', 2),
(82, 36, '85.00', 1, '85.00', '2020-04-23 10:00:19', 2, '0.0000', '0.0000', 2),
(83, 36, '81.70', 1, '81.70', '2020-04-23 10:00:43', 2, '0.0000', '0.0000', 2),
(84, 36, '83.65', 1, '83.65', '2020-05-28 10:01:07', 2, '0.0000', '0.0000', 2),
(85, 24, '104.50', 2, '209.00', '2019-12-20 10:19:00', 1, '4.4000', '0.1000', 2),
(86, 24, '104.70', 5, '523.50', '2020-01-08 10:20:03', 1, '4.4000', '0.1000', 2),
(87, 24, '105.11', 4, '420.44', '2020-02-10 10:20:56', 1, '4.4000', '0.1000', 2),
(88, 24, '105.36', 5, '526.80', '2020-03-09 10:22:39', 1, '4.1500', '0.1000', 2),
(89, 24, '105.45', 3, '316.35', '2020-03-16 10:23:34', 1, '4.1500', '0.1000', 2),
(90, 24, '105.71', 3, '317.13', '2020-04-08 10:24:48', 2, '3.6500', '0.1000', 2),
(91, 24, '106.00', 2, '212.00', '2020-05-11 10:25:50', 1, '2.9000', '0.1000', 2),
(92, 24, '106.07', 4, '424.28', '2020-05-18 10:26:46', 1, '2.9000', '0.1000', 2),
(93, 24, '106.14', 2, '212.28', '2020-05-28 10:27:41', 1, '2.9000', '0.1000', 2),
(94, 28, '26.25', 4, '105.00', '2020-04-08 10:33:46', 2, '3.7300', '0.1000', 2),
(95, 28, '27.47', 8, '219.76', '2020-04-23 10:34:54', 2, '3.0000', '0.1000', 2),
(96, 29, '19.72', 3, '59.16', '2019-12-10 10:36:32', 2, '4.3800', '0.1000', 2),
(97, 29, '19.72', 31, '611.32', '2019-12-18 10:37:39', 2, '4.3800', '0.1000', 2),
(98, 29, '19.64', 21, '412.44', '2020-01-08 10:38:56', 2, '4.1300', '0.1000', 2),
(99, 29, '16.53', 3, '49.59', '2020-04-08 10:40:07', 2, '4.7200', '0.1000', 2),
(100, 31, '20.51', 15, '307.65', '2020-06-04 17:00:11', 2, '0.0000', '0.0000', 2),
(101, 30, '47.40', 1, '47.40', '2020-06-04 17:15:13', 2, '0.0000', '0.0000', 2),
(102, 32, '17.80', 5, '89.00', '2020-06-04 17:16:57', 2, '0.0000', '0.0000', 2),
(103, 42, '22.50', 20, '450.00', '2020-06-08 13:17:10', 2, '0.0000', '0.0000', 2),
(104, 26, '10.25', 30, '307.50', '2020-06-08 13:18:21', 2, '0.0000', '0.0000', 2),
(105, 43, '5.91', 30, '177.30', '2020-06-08 13:21:27', 2, '0.0000', '0.0000', 2),
(106, 44, '500.00', 1, '500.00', '2020-06-08 14:03:11', 2, '22.0000', '1.3000', 2),
(107, 24, '106.23', 6, '637.38', '2020-06-08 14:10:22', 2, '3.0300', '0.1000', 2),
(108, 42, '21.75', 7, '152.25', '2020-06-09 19:14:39', 2, '0.0000', '0.0000', 2),
(109, 32, '18.44', 10, '184.40', '2020-06-09 19:27:58', 2, '0.0000', '0.0000', 2),
(112, 26, '10.31', 15, '154.65', '2020-06-10 01:58:08', 2, '0.0000', '0.0000', 2),
(113, 46, '9.79', 15, '146.85', '2020-06-10 01:59:23', 2, '0.0000', '0.0000', 2),
(114, 24, '106.26', 10, '1062.60', '2020-06-12 13:16:28', 1, '2.9000', '0.1000', 2),
(115, 26, '9.73', 10, '97.30', '2020-06-12 14:42:32', 2, '0.0000', '0.0000', 2),
(116, 42, '20.72', 6, '124.32', '2020-06-12 14:43:36', 2, '0.0000', '0.0000', 2),
(117, 46, '9.48', 8, '75.84', '2020-06-12 18:09:59', 2, '0.0000', '0.0000', 2),
(118, 26, '9.60', 4, '38.40', '2020-06-12 18:15:44', 2, '0.0000', '0.0000', 2),
(119, 36, '90.88', 2, '181.76', '2020-06-18 18:47:47', 1, '0.0000', '0.0000', 2),
(120, 47, '9.55', 11, '105.05', '2020-07-02 17:02:59', 2, '0.0000', '0.0000', 2),
(121, 48, '100.00', 1, '100.00', '2020-07-06 16:48:18', 2, '2.1500', '0.0000', 2),
(122, 44, '500.00', 1, '500.00', '2020-07-06 16:49:02', 2, '22.0000', '1.3000', 2),
(123, 36, '91.24', 4, '364.96', '2020-07-06 16:59:50', 1, '0.0000', '0.0000', 2),
(124, 31, '20.91', 6, '125.46', '2020-07-09 16:09:08', 2, '0.0000', '0.0000', 2),
(125, 32, '17.84', 5, '89.20', '2020-07-09 17:31:52', 2, '0.0000', '0.0000', 2),
(126, 32, '17.80', 1, '17.80', '2020-07-09 17:32:07', 2, '0.0000', '0.0000', 2),
(127, 37, '160.27', 1, '160.27', '2020-07-09 18:24:27', 1, '0.0000', '0.0000', 2),
(129, 32, '17.63', 3, '52.89', '2020-07-10 17:38:45', 2, '0.0000', '0.0000', 2),
(130, 44, '200.00', 1, '200.00', '2020-07-13 13:19:57', 2, '22.0000', '1.3000', 2),
(131, 26, '10.25', 1, '10.25', '2020-07-13 18:22:11', 1, '0.0000', '0.0000', 2),
(132, 26, '10.10', 6, '60.60', '2020-07-14 13:11:15', 1, '0.0000', '0.0000', 2),
(133, 30, '48.45', 1, '48.45', '2020-07-14 13:11:36', 2, '0.0000', '0.0000', 2),
(134, 31, '20.80', 3, '62.40', '2020-07-14 13:12:00', 2, '0.0000', '0.0000', 2),
(139, 36, '89.30', 1, '89.30', '2020-07-15 14:06:32', 1, '0.0000', '0.0000', 2),
(140, 47, '9.45', 3, '28.35', '2020-07-15 14:12:15', 2, '0.0000', '0.0000', 2),
(141, 30, '47.88', 1, '47.88', '2020-07-15 15:05:34', 2, '0.0000', '0.0000', 2),
(142, 37, '157.20', 1, '157.20', '2020-07-16 13:49:57', 1, '0.0000', '0.0000', 2),
(143, 47, '9.43', 3, '28.29', '2020-07-16 14:13:11', 2, '0.0000', '0.0000', 2),
(144, 47, '9.39', 2, '18.78', '2020-07-16 16:35:23', 2, '0.0000', '0.0000', 2),
(145, 47, '9.35', 3, '28.05', '2020-07-24 14:20:04', 2, '0.0000', '0.0000', 2),
(146, 37, '157.02', 1, '157.02', '2020-07-28 14:42:34', 1, '0.0000', '0.0000', 2),
(147, 36, '87.04', 2, '174.08', '2020-07-28 14:42:55', 1, '0.0000', '0.0000', 2),
(148, 36, '85.00', 4, '340.00', '2020-07-30 13:15:05', 1, '0.0000', '0.0000', 2),
(149, 51, '10.94', 10, '109.40', '2020-07-30 13:47:45', 1, '0.0000', '0.0000', 2),
(150, 51, '10.96', 10, '109.60', '2020-07-30 17:20:18', 1, '0.0000', '0.0000', 2),
(152, 37, '158.56', 1, '158.56', '2020-07-31 16:46:10', 1, '0.0000', '0.0000', 2),
(153, 36, '85.40', 2, '170.80', '2020-07-31 16:49:34', 1, '0.0000', '0.0000', 2),
(155, 26, '10.54', 2, '21.08', '2020-08-03 13:58:47', 1, '0.0000', '0.0000', 2),
(156, 51, '10.85', 3, '32.55', '2020-08-03 14:03:44', 1, '0.0000', '0.0000', 2),
(157, 51, '10.86', 1, '10.86', '2020-08-03 14:06:50', 1, '0.0000', '0.0000', 2),
(158, 51, '10.85', 1, '10.85', '2020-08-03 14:08:40', 1, '0.0000', '0.0000', 2),
(159, 51, '10.85', 2, '21.70', '2020-08-03 14:13:35', 1, '0.0000', '0.0000', 2),
(160, 51, '10.84', 3, '32.52', '2020-08-03 14:26:32', 1, '0.0000', '0.0000', 2),
(161, 26, '10.68', 5, '53.40', '2020-08-03 14:49:05', 1, '0.0000', '0.0000', 2),
(162, 51, '10.62', 4, '42.48', '2020-08-04 14:10:45', 1, '0.0000', '0.0000', 2),
(163, 26, '10.19', 5, '50.95', '2020-08-04 16:05:30', 1, '0.0000', '0.0000', 2),
(164, 26, '10.22', 3, '30.66', '2020-08-04 18:30:27', 1, '0.0000', '0.0000', 2),
(165, 26, '10.34', 3, '31.02', '2020-08-05 13:23:59', 1, '0.0000', '0.0000', 2),
(166, 36, '84.30', 4, '337.20', '2020-08-05 15:00:30', 1, '0.0000', '0.0000', 2),
(167, 51, '10.62', 20, '212.40', '2020-08-05 15:11:51', 1, '0.0000', '0.0000', 2),
(168, 26, '10.26', 5, '51.30', '2020-08-06 18:19:23', 1, '0.0000', '0.0000', 2),
(169, 51, '10.46', 7, '73.22', '2020-08-06 18:46:39', 1, '0.0000', '0.0000', 2),
(170, 26, '10.10', 5, '50.50', '2020-08-12 15:42:42', 1, '0.0000', '0.0000', 2),
(171, 26, '9.95', 5, '49.75', '2020-08-14 14:16:24', 1, '0.0000', '0.0000', 2),
(172, 26, '9.78', 5, '48.90', '2020-08-17 14:24:02', 1, '0.0000', '0.0000', 2),
(173, 32, '17.30', 5, '86.50', '2020-08-17 14:48:38', 2, '0.0000', '0.0000', 2),
(174, 26, '9.70', 5, '48.50', '2020-08-17 15:13:50', 1, '0.0000', '0.0000', 2),
(175, 32, '17.13', 5, '85.65', '2020-08-17 15:23:21', 2, '0.0000', '0.0000', 2),
(176, 26, '9.61', 1, '9.61', '2020-08-17 18:13:25', 1, '0.0000', '0.0000', 2),
(177, 26, '9.60', 4, '38.40', '2020-08-17 19:33:26', 1, '0.0000', '0.0000', 2),
(178, 26, '9.75', 5, '48.75', '2020-08-18 15:13:36', 1, '0.0000', '0.0000', 2),
(179, 32, '17.20', 3, '51.60', '2020-08-18 17:32:15', 2, '0.0000', '0.0000', 2),
(180, 26, '9.60', 5, '48.00', '2020-08-20 14:30:06', 1, '0.0000', '0.0000', 2),
(181, 26, '9.54', 2, '19.08', '2020-08-20 14:53:49', 1, '0.0000', '0.0000', 2),
(182, 51, '10.28', 12, '123.36', '2020-08-21 17:58:28', 1, '0.0000', '0.0000', 2),
(183, 26, '9.54', 5, '47.70', '2020-08-26 18:25:17', 1, '0.0000', '0.0000', 2),
(184, 47, '9.44', 7, '66.08', '2020-08-26 18:25:48', 2, '0.0000', '0.0000', 2),
(185, 31, '21.44', 5, '107.20', '2020-08-31 18:27:54', 2, '0.0000', '0.0000', 2),
(186, 26, '9.57', 5, '47.85', '2020-08-31 18:30:56', 1, '0.0000', '0.0000', 2),
(187, 43, '5.35', 20, '107.00', '2020-09-02 13:21:17', 1, '0.0000', '0.0000', 2),
(188, 31, '21.20', 5, '106.00', '2020-09-02 13:25:11', 2, '0.0000', '0.0000', 2),
(189, 51, '10.59', 9, '95.31', '2020-09-03 14:20:12', 1, '0.0000', '0.0000', 2),
(190, 53, '1000.00', 1, '1000.00', '2020-09-04 13:57:37', 1, '6.2500', '0.0000', 2),
(191, 31, '21.10', 5, '105.50', '2020-09-04 14:01:06', 2, '0.0000', '0.0000', 2),
(192, 31, '21.00', 5, '105.00', '2020-09-04 16:52:27', 2, '0.0000', '0.0000', 2),
(193, 26, '9.54', 5, '47.70', '2020-09-10 18:17:35', 1, '0.0000', '0.0000', 2),
(194, 26, '9.51', 5, '47.55', '2020-09-10 18:30:21', 1, '0.0000', '0.0000', 2),
(195, 26, '9.45', 8, '75.60', '2020-09-10 20:05:19', 1, '0.0000', '0.0000', 2),
(196, 31, '20.96', 5, '104.80', '2020-09-11 14:37:01', 2, '0.0000', '0.0000', 2),
(197, 26, '9.30', 10, '93.00', '2020-09-11 14:37:16', 1, '0.0000', '0.0000', 2),
(198, 26, '9.18', 5, '45.90', '2020-09-17 13:38:13', 1, '0.0000', '0.0000', 2),
(199, 26, '9.14', 4, '36.56', '2020-09-18 14:13:15', 1, '0.0000', '0.0000', 2),
(200, 35, '127.51', 1, '127.51', '2020-09-21 13:54:19', 1, '0.0000', '0.0000', 2),
(201, 31, '21.06', 5, '105.30', '2020-09-21 13:54:38', 2, '0.0000', '0.0000', 2),
(202, 43, '5.24', 10, '52.40', '2020-09-21 13:54:56', 1, '0.0000', '0.0000', 2),
(203, 26, '8.85', 10, '88.50', '2020-09-21 13:55:12', 1, '0.0000', '0.0000', 2),
(204, 47, '9.31', 5, '46.55', '2020-09-21 13:55:29', 2, '0.0000', '0.0000', 2),
(205, 43, '5.15', 10, '51.50', '2020-09-28 17:13:09', 1, '0.0000', '0.0000', 2),
(207, 47, '9.33', 5, '46.65', '2020-09-28 17:20:28', 2, '0.0000', '0.0000', 2),
(210, 26, '8.78', 5, '43.90', '2020-10-01 11:22:51', 1, '0.0000', '0.0000', 2),
(211, 43, '5.10', 10, '51.00', '2020-09-30 11:32:28', 1, '0.0000', '0.0000', 2),
(212, 51, '10.63', 10, '106.30', '2020-10-14 14:25:13', 1, '0.0000', '0.0000', 2),
(213, 47, '9.37', 10, '93.70', '2020-10-16 13:24:37', 2, '0.0000', '0.0000', 2),
(214, 55, '1000.00', 1, '1000.00', '2020-10-16 13:26:57', 1, '8.3500', '0.0000', 2),
(216, 56, '208.78', 1, '208.78', '2020-10-19 17:36:45', 1, '0.0000', '0.0200', 2),
(217, 43, '5.10', 10, '51.00', '2020-10-21 17:09:23', 1, '0.0000', '0.0000', 2),
(218, 47, '9.58', 10, '95.80', '2020-10-23 19:15:59', 1, '0.0000', '0.0000', 2),
(220, 37, '160.65', 1, '160.65', '2020-10-26 16:28:43', 1, '0.0000', '0.0000', 2),
(221, 56, '205.80', 1, '205.80', '2020-10-26 16:30:01', 1, '0.0000', '0.0200', 2),
(222, 43, '5.00', 10, '50.00', '2020-10-28 14:03:27', 1, '0.0000', '0.0000', 2),
(225, 47, '9.42', 10, '94.20', '2020-10-29 14:03:05', 1, '0.0000', '0.0000', 2),
(226, 43, '4.89', 10, '48.90', '2020-10-29 14:03:31', 1, '0.0000', '0.0000', 2),
(227, 36, '86.25', 1, '86.25', '2020-10-29 14:27:23', 1, '0.0000', '0.0000', 2),
(228, 51, '10.40', 10, '104.00', '2020-10-29 14:27:48', 1, '0.0000', '0.0000', 2),
(229, 43, '4.95', 10, '49.50', '2020-11-23 00:34:54', 1, '0.0000', '0.0000', 2),
(230, 57, '1000.00', 1, '1000.00', '2020-11-24 23:49:12', 1, '9.4000', '0.2500', 2),
(231, 43, '5.02', 10, '50.20', '2020-11-25 23:51:52', 1, '0.0000', '0.0000', 2),
(232, 56, '205.09', 1, '205.09', '2020-12-04 20:51:07', 1, '0.0000', '0.0200', 2),
(233, 28, '29.24', 8, '233.92', '2020-12-04 20:58:30', 1, '5.4000', '0.0000', 2),
(234, 58, '25.77', 5, '128.85', '2020-12-07 01:41:25', 1, '0.0000', '0.0000', 2),
(235, 28, '29.37', 5, '146.85', '2020-12-07 01:44:24', 1, '5.4000', '0.0000', 2),
(236, 51, '10.32', 10, '103.20', '2020-12-10 00:11:50', 1, '0.0000', '0.0000', 2),
(237, 35, '121.80', 1, '121.80', '2020-12-10 00:12:14', 1, '0.0000', '0.0000', 2),
(238, 59, '58.96', 3, '176.88', '2020-12-14 00:18:09', 1, '0.0000', '0.0000', 2),
(239, 60, '93.80', 3, '281.40', '2020-12-14 00:20:17', 1, '0.0000', '0.0000', 2),
(240, 28, '29.73', 17, '505.41', '2020-12-14 00:22:46', 1, '5.4000', '0.0000', 2),
(242, 58, '25.40', 1, '25.40', '2020-12-21 00:35:18', 1, '0.0000', '0.0000', 2),
(243, 61, '13.05', 10, '130.50', '2020-12-21 00:35:58', 1, '0.0000', '0.0000', 2),
(244, 62, '1000.00', 1, '1000.00', '2020-12-22 01:00:02', 1, '7.6500', '0.0000', 2),
(245, 51, '10.38', 10, '103.80', '2020-12-23 23:49:03', 1, '0.0000', '0.0000', 2),
(246, 28, '29.84', 3, '89.52', '2020-12-23 23:51:49', 1, '5.4000', '0.0000', 2),
(247, 58, '25.12', 3, '75.36', '2021-01-05 01:27:29', 1, '0.0000', '0.0000', 2),
(248, 43, '4.89', 10, '48.90', '2021-01-05 01:27:51', 1, '0.0000', '0.0000', 2),
(249, 43, '4.81', 10, '48.10', '2021-01-06 23:50:53', 1, '0.0000', '0.0000', 2),
(250, 43, '4.75', 10, '47.50', '2021-01-07 01:55:22', 1, '0.0000', '0.0000', 2),
(251, 47, '10.86', 8, '86.88', '2021-01-08 00:22:00', 1, '0.0000', '0.0000', 2),
(252, 43, '4.71', 10, '47.10', '2021-01-11 00:13:49', 1, '0.0000', '0.0000', 2),
(253, 43, '4.69', 10, '46.90', '2021-01-12 00:17:38', 1, '0.0000', '0.0000', 2),
(254, 43, '4.67', 10, '46.70', '2021-01-19 23:54:16', 1, '0.0000', '0.0000', 2),
(255, 43, '4.53', 10, '45.30', '2021-01-20 00:04:50', 1, '0.0000', '0.0000', 2),
(256, 43, '4.27', 15, '64.05', '2021-01-22 00:15:57', 1, '0.0000', '0.0000', 2),
(257, 26, '10.88', 8, '87.04', '2021-01-26 23:07:10', 1, '0.0000', '0.0000', 2),
(258, 47, '10.87', 8, '86.96', '2021-01-26 23:07:47', 1, '0.0000', '0.0000', 2),
(259, 63, '1000.00', 1, '1000.00', '2021-01-26 23:11:30', 1, '8.5500', '0.0000', 2),
(260, 58, '23.71', 6, '142.26', '2021-02-05 01:20:25', 1, '0.0000', '0.0000', 2),
(261, 37, '158.86', 1, '158.86', '2021-02-05 01:22:08', 1, '0.0000', '0.0000', 2),
(263, 43, '4.47', 20, '89.40', '2021-02-09 20:43:51', 1, '0.0000', '0.0000', 2),
(264, 58, '23.74', 5, '118.70', '2021-02-09 20:45:16', 1, '0.0000', '0.0000', 2),
(266, 47, '10.95', 5, '54.75', '2021-02-10 21:07:51', 1, '0.0000', '0.0000', 2),
(267, 61, '21.82', 15, '327.30', '2021-02-12 22:26:12', 1, '0.0000', '0.0000', 2),
(268, 47, '10.89', 5, '54.45', '2021-02-12 22:26:46', 1, '0.0000', '0.0000', 2);

-- --------------------------------------------------------

--
-- Estrutura da tabela `historicoCotacoes`
--

CREATE TABLE `historicoCotacoes` (
  `cdHistorico` bigint(20) NOT NULL,
  `cdPapel` bigint(20) NOT NULL,
  `cotacao` decimal(12,2) NOT NULL DEFAULT 0.00,
  `dtCotacao` datetime DEFAULT current_timestamp(),
  `cdUsuario` bigint(20) NOT NULL
) ENGINE=InnoDB DEFAULT CHARSET=utf8;

--
-- Extraindo dados da tabela `historicoCotacoes`
--

INSERT INTO `historicoCotacoes` (`cdHistorico`, `cdPapel`, `cotacao`, `dtCotacao`, `cdUsuario`) VALUES
(1, 26, '10.61', '2021-02-10 21:20:59', 2),
(2, 27, '130.50', '2021-02-10 21:21:00', 2),
(3, 30, '45.34', '2021-02-10 21:21:01', 2),
(4, 31, '25.47', '2021-02-10 21:21:01', 2),
(5, 32, '18.97', '2021-02-10 21:21:01', 2),
(6, 33, '12.75', '2021-02-10 21:21:02', 2),
(7, 34, '8.67', '2021-02-10 21:21:02', 2),
(8, 35, '123.09', '2021-02-10 21:21:03', 2),
(9, 36, '92.06', '2021-02-10 21:21:04', 2),
(10, 37, '158.39', '2021-02-10 21:21:05', 2),
(11, 42, '27.85', '2021-02-10 21:21:05', 2),
(12, 43, '4.35', '2021-02-10 21:21:06', 2),
(13, 46, '10.90', '2021-02-10 21:21:06', 2),
(14, 47, '10.89', '2021-02-10 21:21:06', 2),
(15, 49, '21.98', '2021-02-10 21:21:07', 2),
(16, 50, '113.09', '2021-02-10 21:21:08', 2),
(17, 51, '10.72', '2021-02-10 21:21:09', 2),
(18, 52, '25.24', '2021-02-10 21:21:09', 2),
(19, 58, '23.15', '2021-02-10 21:21:12', 2),
(20, 59, '63.20', '2021-02-10 21:21:12', 2),
(21, 60, '95.89', '2021-02-10 21:21:14', 2),
(22, 61, '21.03', '2021-02-10 21:21:14', 2),
(23, 56, '227.30', '2021-02-10 21:21:53', 2),
(24, 26, '10.62', '2021-02-11 22:12:52', 2),
(25, 27, '130.00', '2021-02-11 22:12:53', 2),
(26, 30, '45.34', '2021-02-11 22:12:53', 2),
(27, 31, '25.40', '2021-02-11 22:12:54', 2),
(28, 32, '19.10', '2021-02-11 22:12:54', 2),
(29, 33, '12.75', '2021-02-11 22:12:54', 2),
(30, 34, '8.60', '2021-02-11 22:12:54', 2),
(31, 35, '122.80', '2021-02-11 22:12:55', 2),
(32, 36, '92.04', '2021-02-11 22:12:57', 2),
(33, 37, '158.75', '2021-02-11 22:12:58', 2),
(34, 42, '28.10', '2021-02-11 22:12:58', 2),
(35, 43, '4.43', '2021-02-11 22:12:58', 2),
(36, 46, '10.86', '2021-02-11 22:12:59', 2),
(37, 47, '10.89', '2021-02-11 22:12:59', 2),
(38, 49, '22.14', '2021-02-11 22:12:59', 2),
(39, 50, '112.93', '2021-02-11 22:13:00', 2),
(40, 51, '10.73', '2021-02-11 22:13:01', 2),
(41, 52, '25.23', '2021-02-11 22:13:02', 2),
(42, 58, '23.16', '2021-02-11 22:13:03', 2),
(43, 59, '63.18', '2021-02-11 22:13:04', 2),
(44, 60, '96.07', '2021-02-11 22:13:05', 2),
(45, 61, '21.56', '2021-02-11 22:13:06', 2),
(46, 56, '228.48', '2021-02-11 22:13:31', 2),
(47, 26, '10.57', '2021-02-12 22:29:32', 2),
(48, 27, '130.00', '2021-02-12 22:29:33', 2),
(49, 30, '45.34', '2021-02-12 22:29:33', 2),
(50, 31, '25.23', '2021-02-12 22:29:33', 2),
(51, 32, '18.91', '2021-02-12 22:29:34', 2),
(52, 33, '12.52', '2021-02-12 22:29:34', 2),
(53, 34, '8.55', '2021-02-12 22:29:34', 2),
(54, 35, '122.20', '2021-02-12 22:29:35', 2),
(55, 36, '92.00', '2021-02-12 22:29:36', 2),
(56, 37, '159.89', '2021-02-12 22:29:38', 2),
(57, 42, '28.37', '2021-02-12 22:29:38', 2),
(58, 43, '4.37', '2021-02-12 22:29:38', 2),
(59, 46, '10.86', '2021-02-12 22:29:38', 2),
(60, 47, '10.86', '2021-02-12 22:29:38', 2),
(61, 49, '22.27', '2021-02-12 22:29:39', 2),
(62, 50, '113.50', '2021-02-12 22:29:40', 2),
(63, 51, '10.75', '2021-02-12 22:29:41', 2),
(64, 52, '25.19', '2021-02-12 22:29:41', 2),
(65, 58, '23.00', '2021-02-12 22:29:43', 2),
(66, 59, '63.46', '2021-02-12 22:29:44', 2),
(67, 60, '96.48', '2021-02-12 22:29:45', 2),
(68, 61, '24.00', '2021-02-12 22:29:45', 2),
(69, 56, '229.40', '2021-02-12 22:29:55', 2),
(140, 26, '10.57', '2021-02-13 18:28:23', 2),
(141, 27, '130.00', '2021-02-13 18:28:24', 2),
(142, 30, '45.34', '2021-02-13 18:28:24', 2),
(143, 31, '25.23', '2021-02-13 18:28:24', 2),
(144, 32, '18.91', '2021-02-13 18:28:25', 2),
(145, 33, '12.52', '2021-02-13 18:28:25', 2),
(146, 34, '8.55', '2021-02-13 18:28:25', 2),
(147, 35, '122.20', '2021-02-13 18:28:26', 2),
(148, 36, '92.00', '2021-02-13 18:28:26', 2),
(149, 37, '159.89', '2021-02-13 18:28:28', 2),
(150, 42, '28.37', '2021-02-13 18:28:28', 2),
(151, 43, '4.37', '2021-02-13 18:28:28', 2),
(152, 46, '10.86', '2021-02-13 18:28:28', 2),
(153, 47, '10.86', '2021-02-13 18:28:29', 2),
(154, 49, '22.27', '2021-02-13 18:28:29', 2),
(155, 50, '113.50', '2021-02-13 18:28:30', 2),
(156, 51, '10.75', '2021-02-13 18:28:31', 2),
(157, 52, '25.19', '2021-02-13 18:28:31', 2),
(158, 56, '228.48', '2021-02-13 18:28:31', 2),
(159, 58, '23.00', '2021-02-13 18:28:32', 2),
(160, 59, '63.46', '2021-02-13 18:28:33', 2),
(161, 60, '96.48', '2021-02-13 18:28:33', 2),
(162, 61, '24.00', '2021-02-13 18:28:34', 2),
(163, 26, '10.57', '2021-02-14 11:25:48', 2),
(164, 27, '130.00', '2021-02-14 11:25:49', 2),
(165, 30, '45.34', '2021-02-14 11:25:49', 2),
(166, 31, '25.23', '2021-02-14 11:25:49', 2),
(167, 32, '18.91', '2021-02-14 11:25:50', 2),
(168, 33, '12.52', '2021-02-14 11:25:50', 2),
(169, 34, '8.55', '2021-02-14 11:25:50', 2),
(170, 35, '122.20', '2021-02-14 11:25:51', 2),
(171, 36, '92.00', '2021-02-14 11:25:52', 2),
(172, 37, '159.89', '2021-02-14 11:25:54', 2),
(173, 42, '28.37', '2021-02-14 11:25:54', 2),
(174, 43, '4.37', '2021-02-14 11:25:54', 2),
(175, 46, '10.86', '2021-02-14 11:25:54', 2),
(176, 47, '10.86', '2021-02-14 11:25:55', 2),
(177, 49, '22.27', '2021-02-14 11:25:55', 2),
(178, 50, '113.50', '2021-02-14 11:25:56', 2),
(179, 51, '10.75', '2021-02-14 11:25:58', 2),
(180, 52, '25.19', '2021-02-14 11:25:58', 2),
(181, 56, '228.48', '2021-02-14 11:25:58', 2),
(182, 58, '23.00', '2021-02-14 11:25:59', 2),
(183, 59, '63.46', '2021-02-14 11:26:00', 2),
(184, 60, '96.48', '2021-02-14 11:26:00', 2),
(185, 61, '24.00', '2021-02-14 11:26:01', 2),
(186, 26, '10.60', '2021-02-15 21:18:07', 2),
(187, 27, '130.00', '2021-02-15 21:18:08', 2),
(188, 30, '45.34', '2021-02-15 21:18:08', 2),
(189, 31, '25.25', '2021-02-15 21:18:08', 2),
(190, 32, '18.92', '2021-02-15 21:18:09', 2),
(191, 33, '12.56', '2021-02-15 21:18:10', 2),
(192, 34, '8.55', '2021-02-15 21:18:10', 2),
(193, 35, '122.20', '2021-02-15 21:18:11', 2),
(194, 36, '92.00', '2021-02-15 21:18:12', 2),
(195, 37, '159.89', '2021-02-15 21:18:13', 2),
(196, 42, '28.44', '2021-02-15 21:18:13', 2),
(197, 43, '4.35', '2021-02-15 21:18:13', 2),
(198, 46, '10.89', '2021-02-15 21:18:14', 2),
(199, 47, '10.85', '2021-02-15 21:18:14', 2),
(200, 49, '22.40', '2021-02-15 21:18:14', 2),
(201, 50, '113.50', '2021-02-15 21:18:15', 2),
(202, 51, '10.75', '2021-02-15 21:18:16', 2),
(203, 52, '25.20', '2021-02-15 21:18:16', 2),
(204, 56, '229.40', '2021-02-15 21:18:17', 2),
(205, 58, '23.00', '2021-02-15 21:18:18', 2),
(206, 59, '63.46', '2021-02-15 21:18:18', 2),
(207, 60, '96.48', '2021-02-15 21:18:18', 2),
(208, 61, '24.10', '2021-02-15 21:18:19', 2),
(209, 26, '10.52', '2021-02-17 20:28:25', 2),
(210, 27, '130.32', '2021-02-17 20:28:25', 2),
(211, 30, '45.34', '2021-02-17 20:28:25', 2),
(212, 31, '24.89', '2021-02-17 20:28:26', 2),
(213, 32, '18.80', '2021-02-17 20:28:26', 2),
(214, 33, '12.60', '2021-02-17 20:28:26', 2),
(215, 34, '8.34', '2021-02-17 20:28:27', 2),
(216, 35, '121.76', '2021-02-17 20:28:28', 2),
(217, 36, '92.00', '2021-02-17 20:28:29', 2),
(218, 37, '160.01', '2021-02-17 20:28:30', 2),
(219, 42, '29.57', '2021-02-17 20:28:30', 2),
(220, 43, '4.32', '2021-02-17 20:28:30', 2),
(221, 46, '10.80', '2021-02-17 20:28:31', 2),
(222, 47, '10.78', '2021-02-17 20:28:31', 2),
(223, 49, '22.00', '2021-02-17 20:28:31', 2),
(224, 50, '113.22', '2021-02-17 20:28:32', 2),
(225, 51, '10.73', '2021-02-17 20:28:33', 2),
(226, 52, '25.23', '2021-02-17 20:28:34', 2),
(227, 56, '230.65', '2021-02-17 20:28:34', 2),
(228, 58, '22.76', '2021-02-17 20:28:35', 2),
(229, 59, '63.46', '2021-02-17 20:28:36', 2),
(230, 60, '96.00', '2021-02-17 20:28:38', 2),
(231, 61, '25.26', '2021-02-17 20:28:38', 2),
(232, 26, '10.40', '2021-02-18 21:41:43', 2),
(233, 27, '129.72', '2021-02-18 21:41:44', 2),
(234, 30, '45.34', '2021-02-18 21:41:44', 2),
(235, 31, '24.93', '2021-02-18 21:41:45', 2),
(236, 32, '18.70', '2021-02-18 21:41:45', 2),
(237, 33, '13.14', '2021-02-18 21:41:45', 2),
(238, 34, '7.96', '2021-02-18 21:41:45', 2),
(239, 35, '121.70', '2021-02-18 21:41:46', 2),
(240, 36, '92.50', '2021-02-18 21:41:47', 2),
(241, 37, '158.81', '2021-02-18 21:41:48', 2),
(242, 42, '29.24', '2021-02-18 21:41:48', 2),
(243, 43, '4.25', '2021-02-18 21:41:48', 2),
(244, 46, '10.70', '2021-02-18 21:41:49', 2),
(245, 47, '10.65', '2021-02-18 21:41:49', 2),
(246, 49, '21.73', '2021-02-18 21:41:49', 2),
(247, 50, '112.57', '2021-02-18 21:41:50', 2),
(248, 51, '10.62', '2021-02-18 21:41:51', 2),
(249, 52, '24.86', '2021-02-18 21:41:51', 2),
(250, 56, '230.66', '2021-02-18 21:41:52', 2),
(251, 58, '22.44', '2021-02-18 21:41:52', 2),
(252, 59, '63.37', '2021-02-18 21:41:53', 2),
(253, 60, '95.57', '2021-02-18 21:41:54', 2),
(254, 61, '26.71', '2021-02-18 21:41:54', 2),
(255, 26, '10.27', '2021-02-19 22:51:54', 2),
(256, 27, '129.18', '2021-02-19 22:51:55', 2),
(257, 30, '45.34', '2021-02-19 22:51:56', 2),
(258, 31, '24.97', '2021-02-19 22:51:56', 2),
(259, 32, '18.70', '2021-02-19 22:51:56', 2),
(260, 33, '13.43', '2021-02-19 22:51:57', 2),
(261, 34, '7.84', '2021-02-19 22:51:57', 2),
(262, 35, '122.10', '2021-02-19 22:51:58', 2),
(263, 36, '92.10', '2021-02-19 22:51:59', 2),
(264, 37, '159.19', '2021-02-19 22:52:00', 2),
(265, 42, '27.45', '2021-02-19 22:52:00', 2),
(266, 43, '4.21', '2021-02-19 22:52:01', 2),
(267, 46, '10.72', '2021-02-19 22:52:01', 2),
(268, 47, '10.71', '2021-02-19 22:52:01', 2),
(269, 49, '23.34', '2021-02-19 22:52:01', 2),
(270, 50, '111.54', '2021-02-19 22:52:02', 2),
(271, 51, '10.64', '2021-02-19 22:52:03', 2),
(272, 52, '24.68', '2021-02-19 22:52:04', 2),
(273, 56, '228.37', '2021-02-19 22:52:04', 2),
(274, 58, '22.70', '2021-02-19 22:52:05', 2),
(275, 59, '63.31', '2021-02-19 22:52:06', 2),
(276, 60, '95.00', '2021-02-19 22:52:07', 2),
(277, 61, '26.50', '2021-02-19 22:52:07', 2);

-- --------------------------------------------------------

--
-- Estrutura da tabela `informe`
--

CREATE TABLE `informe` (
  `cdInforme` bigint(20) NOT NULL,
  `descricao` varchar(150) NOT NULL,
  `valor` decimal(12,2) NOT NULL,
  `dtInforme` date DEFAULT NULL,
  `cdUsuario` bigint(20) NOT NULL
) ENGINE=InnoDB DEFAULT CHARSET=utf8;

--
-- Extraindo dados da tabela `informe`
--

INSERT INTO `informe` (`cdInforme`, `descricao`, `valor`, `dtInforme`, `cdUsuario`) VALUES
(13, 'COFRE', '655.00', '2020-08-10', 2),
(14, 'NUBANK', '0.00', '2020-08-10', 2),
(15, 'XP', '11159.81', '2020-08-10', 2),
(16, 'CLEAR', '1948.64', '2020-08-10', 2),
(17, 'CAIXA ECO.', '0.00', '2020-08-10', 2),
(18, 'COFRE', '655.00', '2020-08-11', 2),
(19, 'NUBANK', '0.00', '2020-08-11', 2),
(20, 'XP', '11192.84', '2020-08-11', 2),
(21, 'CLEAR', '1933.15', '2020-08-11', 2),
(22, 'CAIXA ECO.', '0.00', '2020-08-11', 2),
(23, 'COFRE', '655.00', '2020-08-12', 2),
(24, 'NUBANK', '0.00', '2020-08-12', 2),
(25, 'XP', '11168.82', '2020-08-12', 2),
(26, 'CLEAR', '1920.71', '2020-08-12', 2),
(27, 'CAIXA ECO.', '0.00', '2020-08-12', 2),
(28, 'COFRE', '655.00', '2020-08-13', 2),
(29, 'NUBANK', '0.00', '2020-08-13', 2),
(30, 'XP', '11202.58', '2020-08-13', 2),
(31, 'CLEAR', '1889.78', '2020-08-13', 2),
(32, 'CAIXA ECO.', '0.00', '2020-08-13', 2),
(33, 'COFRE', '639.00', '2020-08-14', 2),
(34, 'NUBANK', '0.00', '2020-08-14', 2),
(35, 'XP', '11217.60', '2020-08-14', 2),
(36, 'CLEAR', '1916.40', '2020-08-14', 2),
(37, 'CAIXA ECO.', '0.00', '2020-08-14', 2),
(38, 'COFRE', '639.00', '2020-08-15', 2),
(39, 'NUBANK', '0.00', '2020-08-15', 2),
(40, 'XP', '11217.60', '2020-08-15', 2),
(41, 'CLEAR', '1916.40', '2020-08-15', 2),
(42, 'CAIXA ECO.', '0.00', '2020-08-15', 2),
(43, 'COFRE', '639.00', '2020-08-16', 2),
(44, 'NUBANK', '0.00', '2020-08-16', 2),
(45, 'XP', '11217.60', '2020-08-16', 2),
(46, 'CLEAR', '1916.40', '2020-08-16', 2),
(47, 'CAIXA ECO.', '0.00', '2020-08-16', 2),
(48, 'COFRE', '639.00', '2020-08-17', 2),
(49, 'NUBANK', '0.00', '2020-08-17', 2),
(50, 'XP', '11074.82', '2020-08-17', 2),
(51, 'CLEAR', '1980.09', '2020-08-17', 2),
(52, 'CAIXA ECO.', '0.00', '2020-08-17', 2),
(53, 'COFRE', '639.00', '2020-08-18', 2),
(54, 'NUBANK', '0.00', '2020-08-18', 2),
(55, 'XP', '10169.68', '2020-08-18', 2),
(56, 'CLEAR', '2006.98', '2020-08-18', 2),
(57, 'CAIXA ECO.', '0.00', '2020-08-18', 2),
(58, 'COFRE', '639.00', '2020-08-19', 2),
(59, 'NUBANK', '0.00', '2020-08-19', 2),
(60, 'XP', '10177.13', '2020-08-19', 2),
(61, 'CLEAR', '1993.76', '2020-08-19', 2),
(62, 'CAIXA ECO.', '0.00', '2020-08-19', 2),
(63, 'COFRE', '614.00', '2020-08-20', 2),
(64, 'NUBANK', '0.00', '2020-08-20', 2),
(65, 'XP', '10250.65', '2020-08-20', 2),
(66, 'CLEAR', '1985.01', '2020-08-20', 2),
(67, 'CAIXA ECO.', '0.00', '2020-08-20', 2),
(68, 'COFRE', '736.00', '2020-08-21', 2),
(69, 'NUBANK', '0.00', '2020-08-21', 2),
(70, 'XP', '10265.80', '2020-08-21', 2),
(71, 'CLEAR', '1997.89', '2020-08-21', 2),
(72, 'CAIXA ECO.', '0.00', '2020-08-21', 2),
(73, 'COFRE', '736.00', '2020-08-22', 2),
(74, 'NUBANK', '0.00', '2020-08-22', 2),
(75, 'XP', '10265.80', '2020-08-22', 2),
(76, 'CLEAR', '1997.89', '2020-08-22', 2),
(77, 'CAIXA ECO.', '0.00', '2020-08-22', 2),
(78, 'COFRE', '1396.00', '2020-08-23', 2),
(79, 'NUBANK', '0.00', '2020-08-23', 2),
(80, 'XP', '10265.80', '2020-08-23', 2),
(81, 'CLEAR', '1997.89', '2020-08-23', 2),
(82, 'CAIXA ECO.', '0.00', '2020-08-23', 2),
(83, 'COFRE', '1296.00', '2020-08-24', 2),
(84, 'NUBANK', '0.00', '2020-08-24', 2),
(85, 'XP', '10301.80', '2020-08-24', 2),
(86, 'CLEAR', '2011.31', '2020-08-24', 2),
(87, 'CAIXA ECO.', '0.00', '2020-08-24', 2),
(88, 'COFRE', '1286.00', '2020-08-25', 2),
(89, 'NUBANK', '0.00', '2020-08-25', 2),
(90, 'XP', '10280.92', '2020-08-25', 2),
(91, 'CLEAR', '2010.49', '2020-08-25', 2),
(92, 'CAIXA ECO.', '0.00', '2020-08-25', 2),
(93, 'COFRE', '1286.00', '2020-08-26', 2),
(94, 'NUBANK', '0.00', '2020-08-26', 2),
(95, 'XP', '10263.75', '2020-08-26', 2),
(96, 'CLEAR', '1984.19', '2020-08-26', 2),
(97, 'CAIXA ECO.', '0.00', '2020-08-26', 2),
(98, 'COFRE', '1286.00', '2020-08-27', 2),
(99, 'NUBANK', '0.00', '2020-08-27', 2),
(100, 'XP', '10299.20', '2020-08-27', 2),
(101, 'CLEAR', '1988.00', '2020-08-27', 2),
(102, 'CAIXA ECO.', '0.00', '2020-08-27', 2),
(103, 'COFRE', '1256.00', '2020-08-28', 2),
(104, 'NUBANK', '0.00', '2020-08-28', 2),
(105, 'XP', '10306.92', '2020-08-28', 2),
(106, 'CLEAR', '2015.00', '2020-08-28', 2),
(107, 'CAIXA ECO.', '0.00', '2020-08-28', 2),
(108, 'COFRE', '1236.00', '2020-08-29', 2),
(109, 'NUBANK', '0.00', '2020-08-29', 2),
(110, 'XP', '10306.92', '2020-08-29', 2),
(111, 'CLEAR', '2015.00', '2020-08-29', 2),
(112, 'CAIXA ECO.', '0.00', '2020-08-29', 2),
(113, 'COFRE', '1216.00', '2020-08-30', 2),
(114, 'NUBANK', '0.00', '2020-08-30', 2),
(115, 'XP', '10306.92', '2020-08-30', 2),
(116, 'CLEAR', '2015.00', '2020-08-30', 2),
(117, 'CAIXA ECO.', '0.00', '2020-08-30', 2),
(118, 'COFRE', '1216.00', '2020-08-31', 2),
(119, 'NUBANK', '0.00', '2020-08-31', 2),
(120, 'XP', '10284.21', '2020-08-31', 2),
(121, 'CLEAR', '2038.04', '2020-08-31', 2),
(122, 'CAIXA ECO.', '0.00', '2020-08-31', 2),
(123, 'COFRE', '1206.00', '2020-09-01', 2),
(124, 'NUBANK', '0.00', '2020-09-01', 2),
(125, 'XP', '10306.62', '2020-09-01', 2),
(126, 'CLEAR', '2055.23', '2020-09-01', 2),
(127, 'CAIXA ECO.', '0.00', '2020-09-01', 2),
(128, 'COFRE', '1206.00', '2020-09-02', 2),
(129, 'NUBANK', '0.00', '2020-09-02', 2),
(130, 'XP', '10313.20', '2020-09-02', 2),
(131, 'CLEAR', '2054.91', '2020-09-02', 2),
(132, 'CAIXA ECO.', '0.00', '2020-09-02', 2),
(133, 'COFRE', '1196.00', '2020-09-03', 2),
(134, 'NUBANK', '0.00', '2020-09-03', 2),
(135, 'XP', '10318.84', '2020-09-03', 2),
(136, 'CLEAR', '2062.64', '2020-09-03', 2),
(137, 'CAIXA ECO.', '0.00', '2020-09-03', 2),
(138, 'COFRE', '1196.00', '2020-09-04', 2),
(139, 'NUBANK', '2136.00', '2020-09-04', 2),
(140, 'XP', '10308.80', '2020-09-04', 2),
(141, 'CLEAR', '2053.40', '2020-09-04', 2),
(142, 'CAIXA ECO.', '0.00', '2020-09-04', 2),
(143, 'COFRE', '1196.00', '2020-09-05', 2),
(144, 'NUBANK', '2136.01', '2020-09-05', 2),
(145, 'XP', '10311.91', '2020-09-05', 2),
(146, 'CLEAR', '2062.08', '2020-09-05', 2),
(147, 'CAIXA ECO.', '0.00', '2020-09-05', 2),
(148, 'COFRE', '1310.00', '2020-09-07', 2),
(149, 'NUBANK', '2136.02', '2020-09-07', 2),
(150, 'XP', '10311.91', '2020-09-07', 2),
(151, 'CLEAR', '2062.08', '2020-09-07', 2),
(152, 'CAIXA ECO.', '0.00', '2020-09-07', 2),
(153, 'COFRE', '1310.00', '2020-09-08', 2),
(154, 'NUBANK', '2136.02', '2020-09-08', 2),
(155, 'XP', '10310.07', '2020-09-08', 2),
(156, 'CLEAR', '2063.34', '2020-09-08', 2),
(157, 'CAIXA ECO.', '0.00', '2020-09-08', 2),
(158, 'COFRE', '1310.00', '2020-09-09', 2),
(159, 'NUBANK', '2531.80', '2020-09-09', 2),
(160, 'XP', '10312.27', '2020-09-09', 2),
(161, 'CLEAR', '2073.14', '2020-09-09', 2),
(162, 'CAIXA ECO.', '0.00', '2020-09-09', 2),
(163, 'COFRE', '1336.00', '2020-09-10', 2),
(164, 'NUBANK', '2531.84', '2020-09-10', 2),
(165, 'XP', '10320.95', '2020-09-10', 2),
(166, 'CLEAR', '2048.11', '2020-09-10', 2),
(167, 'CAIXA ECO.', '0.00', '2020-09-10', 2),
(168, 'COFRE', '1238.00', '2020-09-11', 2),
(169, 'NUBANK', '2531.88', '2020-09-11', 2),
(170, 'XP', '10312.54', '2020-09-11', 2),
(171, 'CLEAR', '2019.81', '2020-09-11', 2),
(172, 'CAIXA ECO.', '0.00', '2020-09-11', 2),
(173, 'COFRE', '1318.00', '2020-09-12', 2),
(174, 'NUBANK', '2531.93', '2020-09-12', 2),
(175, 'XP', '10312.78', '2020-09-12', 2),
(176, 'CLEAR', '2019.81', '2020-09-12', 2),
(177, 'CAIXA ECO.', '0.00', '2020-09-12', 2),
(178, 'XP', '10312.78', '2020-09-13', 2),
(179, 'CLEAR', '2015.86', '2020-09-13', 2),
(180, 'NUBANK', '2531.99', '2020-09-13', 2),
(181, 'COFRE', '1318.00', '2020-09-13', 2),
(182, 'CAIXA ECO.', '0.00', '2020-09-13', 2),
(183, 'XP', '10303.52', '2020-09-14', 2),
(184, 'CLEAR', '2036.24', '2020-09-14', 2),
(185, 'NUBANK', '2531.99', '2020-09-14', 2),
(186, 'COFRE', '1318.00', '2020-09-14', 2),
(187, 'CAIXA ECO.', '0.00', '2020-09-14', 2),
(188, 'XP', '10331.31', '2020-09-15', 2),
(189, 'NUBANK', '2532.05', '2020-09-15', 2),
(190, 'CLEAR', '2020.39', '2020-09-15', 2),
(191, 'COFRE', '1318.00', '2020-09-15', 2),
(192, 'CAIXA ECO.', '0.00', '2020-09-15', 2),
(193, 'XP', '10336.98', '2020-09-16', 2),
(194, 'CLEAR', '2022.68', '2020-09-16', 2),
(195, 'NUBANK', '2532.13', '2020-09-16', 2),
(196, 'COFRE', '1318.00', '2020-09-16', 2),
(197, 'CAIXA ECO.', '0.00', '2020-09-16', 2),
(198, 'XP', '10331.89', '2020-09-17', 2),
(199, 'CLEAR', '2020.07', '2020-09-17', 2),
(200, 'NUBANK', '2532.23', '2020-09-17', 2),
(201, 'CAIXA ECO.', '0.00', '2020-09-17', 2),
(202, 'COFRE', '1294.00', '2020-09-17', 2),
(203, 'XP', '10318.44', '2020-09-18', 2),
(204, 'CLEAR', '1984.84', '2020-09-18', 2),
(205, 'NUBANK', '2532.33', '2020-09-18', 2),
(206, 'COFRE', '1294.00', '2020-09-18', 2),
(207, 'CAIXA ECO.', '0.00', '2020-09-18', 2),
(208, 'XP', '10318.68', '2020-09-19', 2),
(209, 'CLEAR', '1984.84', '2020-09-19', 2),
(210, 'NUBANK', '2532.44', '2020-09-19', 2),
(211, 'COFRE', '1316.00', '2020-09-19', 2),
(212, 'CAIXA ECO.', '0.00', '2020-09-19', 2),
(213, 'XP', '10295.86', '2020-09-20', 2),
(214, 'CLEAR', '2476.89', '2020-09-20', 2),
(215, 'NUBANK', '2032.54', '2020-09-20', 2),
(216, 'COFRE', '1316.00', '2020-09-20', 2),
(217, 'CAIXA ECO.', '0.00', '2020-09-20', 2),
(218, 'XP', '10272.82', '2020-09-21', 2),
(219, 'CLEAR', '2506.03', '2020-09-21', 2),
(220, 'NUBANK', '2032.54', '2020-09-21', 2),
(221, 'COFRE', '1182.00', '2020-09-21', 2),
(222, 'CAIXA ECO.', '0.00', '2020-09-21', 2),
(228, 'XP', '10334.71', '2020-09-24', 2),
(229, 'CLEAR', '2538.28', '2020-09-24', 2),
(230, 'NUBANK', '2032.90', '2020-09-24', 2),
(231, 'COFRE', '1182.00', '2020-09-24', 2),
(232, 'CAIXA ECO.', '0.00', '2020-09-24', 2),
(233, 'XP', '10323.75', '2020-09-25', 2),
(234, 'CLEAR', '2520.82', '2020-09-25', 2),
(235, 'NUBANK', '2033.03', '2020-09-25', 2),
(236, 'COFRE', '1182.00', '2020-09-25', 2),
(237, 'CAIXA ECO.', '0.00', '2020-09-25', 2),
(238, 'XP', '10324.00', '2020-09-27', 2),
(239, 'CLEAR', '2518.38', '2020-09-27', 2),
(240, 'NUBANK', '2033.28', '2020-09-27', 2),
(241, 'COFRE', '1168.00', '2020-09-27', 2),
(242, 'CAIXA ECO.', '0.00', '2020-09-27', 2),
(243, 'XP', '10309.77', '2020-09-29', 2),
(244, 'CLEAR', '2475.22', '2020-09-29', 2),
(245, 'NUBANK', '2033.45', '2020-09-29', 2),
(246, 'COFRE', '1153.00', '2020-09-29', 2),
(247, 'CAIXA ECO.', '0.00', '2020-09-29', 2),
(257, 'XP', '10273.47', '2020-10-02', 2),
(258, 'CLEAR', '2499.28', '2020-10-02', 2),
(259, 'NUBANK', '2033.98', '2020-10-02', 2),
(260, 'COFRE', '1137.00', '2020-10-02', 2),
(261, 'CAIXA ECO.', '0.00', '2020-10-02', 2),
(262, 'XP', '10273.71', '2020-10-04', 2),
(263, 'CLEAR', '2486.71', '2020-10-04', 2),
(264, 'NUBANK', '2034.23', '2020-10-04', 2),
(265, 'COFRE', '1138.00', '2020-10-04', 2),
(266, 'CAIXA ECO.', '0.00', '2020-10-04', 2),
(273, 'XP', '10286.11', '2020-10-05', 2),
(274, 'CLEAR', '2499.62', '2020-10-05', 2),
(275, 'NUBANK', '3625.06', '2020-10-05', 2),
(276, 'COFRE', '1138.00', '2020-10-05', 2),
(277, 'CAIXA ECO.', '0.00', '2020-10-05', 2),
(278, 'XP', '10286.05', '2020-10-07', 2),
(279, 'CLEAR', '2493.40', '2020-10-07', 2),
(280, 'NUBANK', '3625.19', '2020-10-07', 2),
(281, 'COFRE', '1138.00', '2020-10-07', 2),
(282, 'CAIXA ECO.', '0.00', '2020-10-07', 2),
(283, 'XP', '10297.46', '2020-10-08', 2),
(284, 'CLEAR', '2547.62', '2020-10-08', 2),
(285, 'NUBANK', '3625.33', '2020-10-08', 2),
(286, 'COFRE', '1138.00', '2020-10-08', 2),
(287, 'CAIXA ECO.', '0.00', '2020-10-08', 2),
(288, 'XP', '10309.00', '2020-10-09', 2),
(289, 'CLEAR', '2546.70', '2020-10-09', 2),
(290, 'NUBANK', '3625.60', '2020-10-09', 2),
(291, 'COFRE', '1138.00', '2020-10-09', 2),
(292, 'CAIXA ECO.', '0.00', '2020-10-09', 2),
(293, 'XP', '10320.34', '2020-10-13', 2),
(294, 'CLEAR', '2550.55', '2020-10-13', 2),
(295, 'NUBANK', '3625.63', '2020-10-13', 2),
(296, 'COFRE', '1138.00', '2020-10-13', 2),
(297, 'CAIXA ECO.', '0.00', '2020-10-13', 2),
(299, 'XP', '10332.92', '2020-10-14', 2),
(300, 'CLEAR', '2765.67', '2020-10-14', 2),
(301, 'NUBANK', '3335.94', '2020-10-14', 2),
(302, 'COFRE', '1138.00', '2020-10-14', 2),
(303, 'CAIXA ECO.', '0.00', '2020-10-14', 2),
(304, 'XP', '11430.88', '2020-10-15', 2),
(305, 'CLEAR', '2755.03', '2020-10-15', 2),
(306, 'NUBANK', '2236.10', '2020-10-15', 2),
(307, 'COFRE', '1138.00', '2020-10-15', 2),
(308, 'CAIXA ECO.', '0.00', '2020-10-15', 2),
(309, 'XP', '11435.19', '2020-10-18', 2),
(310, 'CLEAR', '2740.02', '2020-10-18', 2),
(311, 'NUBANK', '2236.23', '2020-10-18', 2),
(312, 'COFRE', '1179.00', '2020-10-18', 2),
(313, 'CAIXA ECO.', '0.00', '2020-10-18', 2),
(314, 'XP', '11455.22', '2020-10-20', 2),
(315, 'CLEAR', '2844.42', '2020-10-20', 2),
(316, 'NUBANK', '2199.37', '2020-10-20', 2),
(317, 'COFRE', '1179.00', '2020-10-20', 2),
(318, 'CAIXA ECO.', '0.00', '2020-10-20', 2),
(320, 'XP', '11445.92', '2020-10-22', 2),
(321, 'CLEAR', '2897.78', '2020-10-22', 2),
(322, 'NUBANK', '1199.61', '2020-10-22', 2),
(323, 'COFRE', '1179.00', '2020-10-22', 2),
(324, 'CAIXA ECO.', '0.00', '2020-10-22', 2),
(325, 'XP', '11430.12', '2020-10-24', 2),
(326, 'CLEAR', '2889.75', '2020-10-24', 2),
(327, 'NUBANK', '1199.75', '2020-10-24', 2),
(328, 'COFRE', '1609.00', '2020-10-24', 2),
(329, 'CAIXA ECO.', '0.00', '2020-10-24', 2),
(330, 'XP', '11363.05', '2020-10-26', 2),
(331, 'CLEAR', '2896.97', '2020-10-26', 2),
(332, 'NUBANK', '1199.75', '2020-10-26', 2),
(333, 'COFRE', '1619.00', '2020-10-26', 2),
(334, 'CAIXA ECO.', '0.00', '2020-10-26', 2),
(335, 'XP', '11363.81', '2020-10-27', 2),
(336, 'CLEAR', '2852.49', '2020-10-27', 2),
(337, 'NUBANK', '1199.82', '2020-10-27', 2),
(340, 'COFRE', '1599.00', '2020-10-27', 2),
(343, 'CAIXA ECO.', '0.00', '2020-10-27', 2),
(344, 'XP', '11311.09', '2020-10-28', 2),
(345, 'CLEAR', '2777.78', '2020-10-28', 2),
(346, 'NUBANK', '1199.89', '2020-10-28', 2),
(349, 'COFRE', '1599.00', '2020-10-28', 2),
(350, 'CAIXA ECO.', '0.00', '2020-10-28', 2),
(351, 'XP', '11840.75', '2020-10-29', 2),
(352, 'CLEAR', '2776.00', '2020-10-29', 2),
(353, 'NUBANK', '699.96', '2020-10-29', 2),
(354, 'COFRE', '1599.00', '2020-10-29', 2),
(355, 'CAIXA ECO.', '0.00', '2020-10-29', 2),
(356, 'XP', '11788.24', '2020-10-30', 2),
(357, 'CLEAR', '2758.26', '2020-10-30', 2),
(358, 'NUBANK', '700.00', '2020-10-30', 2),
(359, 'COFRE', '1579.00', '2020-10-30', 2),
(360, 'CAIXA ECO.', '0.00', '2020-10-30', 2),
(361, 'XP', '11788.24', '2020-10-31', 2),
(362, 'CLEAR', '2758.26', '2020-10-31', 2),
(363, 'NUBANK', '700.00', '2020-10-31', 2),
(364, 'COFRE', '1480.00', '2020-10-31', 2),
(365, 'CAIXA ECO.', '0.00', '2020-10-31', 2),
(366, 'XP', '11821.69', '2020-11-03', 2),
(367, 'CLEAR', '2780.22', '2020-11-03', 2),
(368, 'NUBANK', '700.04', '2020-11-03', 2),
(369, 'COFRE', '1480.00', '2020-11-03', 2),
(370, 'CAIXA ECO.', '0.00', '2020-11-03', 2),
(371, 'XP', '11821.10', '2020-11-04', 2),
(372, 'CLEAR', '2829.31', '2020-11-04', 2),
(373, 'NUBANK', '700.08', '2020-11-04', 2),
(374, 'COFRE', '1452.00', '2020-11-04', 2),
(375, 'CAIXA ECO.', '0.00', '2020-11-04', 2),
(376, 'XP', '11836.90', '2020-11-05', 2),
(377, 'CLEAR', '2894.62', '2020-11-05', 2),
(378, 'NUBANK', '700.08', '2020-11-05', 2),
(379, 'COFRE', '1427.00', '2020-11-05', 2),
(380, 'CAIXA ECO.', '0.00', '2020-11-05', 2),
(381, 'XP', '11851.47', '2020-11-06', 2),
(382, 'CLEAR', '2886.10', '2020-11-06', 2),
(383, 'NUBANK', '2524.16', '2020-11-06', 2),
(384, 'COFRE', '1427.00', '2020-11-06', 2),
(385, 'CAIXA ECO.', '0.00', '2020-11-06', 2),
(386, 'XP', '11859.09', '2020-11-07', 2),
(387, 'CLEAR', '2898.67', '2020-11-07', 2),
(388, 'NUBANK', '2524.19', '2020-11-07', 2),
(389, 'COFRE', '1377.00', '2020-11-07', 2),
(390, 'CAIXA ECO.', '0.00', '2020-11-07', 2),
(391, 'XP', '11859.09', '2020-11-08', 2),
(392, 'CLEAR', '2898.67', '2020-11-08', 2),
(393, 'NUBANK', '2524.19', '2020-11-08', 2),
(394, 'COFRE', '1379.00', '2020-11-08', 2),
(395, 'CAIXA ECO.', '0.00', '2020-11-08', 2),
(396, 'XP', '11851.75', '2020-11-09', 2),
(397, 'CLEAR', '2982.07', '2020-11-09', 2),
(398, 'NUBANK', '2524.20', '2020-11-09', 2),
(399, 'COFRE', '1370.00', '2020-11-09', 2),
(400, 'CAIXA ECO.', '0.00', '2020-11-09', 2),
(401, 'XP', '11881.50', '2020-11-10', 2),
(402, 'CLEAR', '3031.13', '2020-11-10', 2),
(403, 'NUBANK', '2524.23', '2020-11-10', 2),
(404, 'COFRE', '1355.00', '2020-11-10', 2),
(405, 'CAIXA ECO.', '0.00', '2020-11-10', 2),
(406, 'XP', '11873.58', '2020-11-11', 2),
(407, 'CLEAR', '3007.40', '2020-11-11', 2),
(408, 'NUBANK', '2524.28', '2020-11-11', 2),
(409, 'COFRE', '1342.00', '2020-11-11', 2),
(410, 'CAIXA ECO.', '0.00', '2020-11-11', 2),
(411, 'XP', '11872.14', '2020-11-12', 2),
(412, 'CLEAR', '2982.63', '2020-11-12', 2),
(413, 'NUBANK', '3524.34', '2020-11-12', 2),
(414, 'COFRE', '1329.75', '2020-11-12', 2),
(415, 'CAIXA ECO.', '0.00', '2020-11-12', 2),
(416, 'XP', '11882.54', '2020-11-13', 2),
(417, 'CLEAR', '3021.65', '2020-11-13', 2),
(418, 'NUBANK', '3524.41', '2020-11-13', 2),
(419, 'COFRE', '1310.00', '2020-11-13', 2),
(420, 'CAIXA ECO.', '0.00', '2020-11-13', 2),
(421, 'XP', '11882.54', '2020-11-14', 2),
(422, 'CLEAR', '3021.65', '2020-11-14', 2),
(423, 'NUBANK', '3524.41', '2020-11-14', 2),
(424, 'COFRE', '1310.00', '2020-11-14', 2),
(425, 'CAIXA ECO.', '150.00', '2020-11-14', 2),
(426, 'XP', '11883.10', '2020-11-15', 2),
(427, 'CLEAR', '3021.65', '2020-11-15', 2),
(428, 'NUBANK', '3663.41', '2020-11-15', 2),
(429, 'COFRE', '1306.00', '2020-11-15', 2),
(430, 'CAIXA ECO.', '0.00', '2020-11-15', 2),
(431, 'XP', '11893.24', '2020-11-16', 2),
(432, 'CLEAR', '3065.99', '2020-11-16', 2),
(433, 'NUBANK', '3663.50', '2020-11-16', 2),
(434, 'COFRE', '1286.00', '2020-11-16', 2),
(435, 'CAIXA ECO.', '0.00', '2020-11-16', 2),
(436, 'XP', '11884.35', '2020-11-17', 2),
(437, 'CLEAR', '3050.25', '2020-11-17', 2),
(438, 'NUBANK', '3663.80', '2020-11-17', 2),
(439, 'COFRE', '1356.00', '2020-11-17', 2),
(440, 'CAIXA ECO.', '0.00', '2020-11-17', 2),
(441, 'XP', '11888.45', '2020-11-18', 2),
(442, 'CLEAR', '3011.94', '2020-11-18', 2),
(443, 'NUBANK', '3663.66', '2020-11-18', 2),
(444, 'COFRE', '1349.00', '2020-11-18', 2),
(445, 'CAIXA ECO.', '0.00', '2020-11-18', 2),
(446, 'XP', '11898.10', '2020-11-19', 2),
(447, 'CLEAR', '3013.28', '2020-11-19', 2),
(448, 'NUBANK', '3663.77', '2020-11-19', 2),
(449, 'COFRE', '1349.00', '2020-11-19', 2),
(450, 'CAIXA ECO.', '0.00', '2020-11-19', 2),
(451, 'XP', '11898.70', '2020-11-22', 2),
(452, 'CLEAR', '3002.69', '2020-11-22', 2),
(453, 'NUBANK', '3664.15', '2020-11-22', 2),
(454, 'COFRE', '1412.00', '2020-11-22', 2),
(455, 'CAIXA ECO.', '0.00', '2020-11-22', 2),
(456, 'XP', '11891.12', '2020-11-23', 2),
(457, 'CLEAR', '3020.59', '2020-11-23', 2),
(458, 'NUBANK', '3664.20', '2020-11-23', 2),
(459, 'COFRE', '1396.00', '2020-11-23', 2),
(460, 'CAIXA ECO.', '0.00', '2020-11-23', 2),
(461, 'XP', '12493.36', '2020-11-24', 2),
(462, 'CLEAR', '3058.73', '2020-11-24', 2),
(463, 'NUBANK', '3064.37', '2020-11-24', 2),
(464, 'COFRE', '1396.00', '2020-11-24', 2),
(465, 'CAIXA ECO.', '0.00', '2020-11-24', 2),
(466, 'XP', '12496.71', '2020-11-25', 2),
(467, 'CLEAR', '3040.71', '2020-11-25', 2),
(468, 'NUBANK', '3064.56', '2020-11-25', 2),
(469, 'COFRE', '1396.00', '2020-11-25', 2),
(470, 'CAIXA ECO.', '0.00', '2020-11-25', 2),
(471, 'XP', '12488.54', '2020-11-26', 2),
(472, 'CLEAR', '3046.38', '2020-11-26', 2),
(473, 'NUBANK', '3064.74', '2020-11-26', 2),
(474, 'COFRE', '1396.00', '2020-11-26', 2),
(475, 'CAIXA ECO.', '0.00', '2020-11-26', 2),
(476, 'XP', '12498.98', '2020-11-27', 2),
(477, 'CLEAR', '3071.62', '2020-11-27', 2),
(478, 'NUBANK', '3314.93', '2020-11-27', 2),
(479, 'COFRE', '1396.00', '2020-11-27', 2),
(480, 'CAIXA ECO.', '0.00', '2020-11-27', 2),
(481, 'XP', '12499.90', '2020-11-28', 2),
(482, 'CLEAR', '3071.62', '2020-11-28', 2),
(483, 'NUBANK', '3295.14', '2020-11-28', 2),
(484, 'COFRE', '1563.00', '2020-11-28', 2),
(485, 'CAIXA ECO.', '0.00', '2020-11-28', 2),
(486, 'XP', '12499.90', '2020-11-29', 2),
(488, 'CLEAR', '3071.62', '2020-11-29', 2),
(489, 'NUBANK', '3315.21', '2020-11-29', 2),
(490, 'COFRE', '1716.00', '2020-11-29', 2),
(491, 'CAIXA ECO.', '0.00', '2020-11-29', 2),
(492, 'XP', '12497.15', '2020-11-30', 2),
(493, 'CLEAR', '3018.81', '2020-11-30', 2),
(494, 'NUBANK', '3295.29', '2020-11-30', 2),
(495, 'COFRE', '1716.00', '2020-11-30', 2),
(496, 'CAIXA ECO.', '0.00', '2020-11-30', 2),
(497, 'XP', '12493.26', '2020-12-01', 2),
(498, 'CLEAR', '3092.95', '2020-12-01', 2),
(499, 'NUBANK', '3295.53', '2020-12-01', 2),
(500, 'COFRE', '1696.00', '2020-12-01', 2),
(501, 'CAIXA ECO.', '0.00', '2020-12-01', 2),
(502, 'XP', '12482.81', '2020-12-02', 2),
(503, 'CLEAR', '3108.96', '2020-12-02', 2),
(504, 'NUBANK', '3295.77', '2020-12-02', 2),
(505, 'COFRE', '1696.00', '2020-12-02', 2),
(506, 'CAIXA ECO.', '0.00', '2020-12-02', 2),
(507, 'XP', '12484.97', '2020-12-03', 2),
(508, 'CLEAR', '3125.90', '2020-12-03', 2),
(513, 'NUBANK', '5283.01', '2020-12-03', 2),
(514, 'COFRE', '904.00', '2020-12-03', 2),
(515, 'CAIXA ECO.', '0.00', '2020-12-03', 2),
(516, 'XP', '13963.25', '2020-12-05', 2),
(517, 'CLEAR', '3613.29', '2020-12-05', 2),
(518, 'NUBANK', '3283.58', '2020-12-05', 2),
(519, 'COFRE', '1044.00', '2020-12-05', 2),
(520, 'CAIXA ECO.', '0.00', '2020-12-05', 2),
(521, 'XP', '13963.25', '2020-12-06', 2),
(522, 'CLEAR', '3613.29', '2020-12-06', 2),
(523, 'NUBANK', '3282.66', '2020-12-06', 2),
(524, 'COFRE', '1194.00', '2020-12-06', 2),
(525, 'CAIXA ECO.', '0.00', '2020-12-06', 2),
(526, 'XP', '13954.03', '2020-12-07', 2),
(527, 'CLEAR', '3614.44', '2020-12-07', 2),
(528, 'NUBANK', '3283.68', '2020-12-07', 2),
(529, 'COFRE', '1194.00', '2020-12-07', 2),
(530, 'CAIXA ECO.', '0.00', '2020-12-07', 2),
(531, 'XP', '13943.83', '2020-12-08', 2),
(532, 'CLEAR', '3612.76', '2020-12-08', 2),
(533, 'NUBANK', '3284.08', '2020-12-08', 2),
(534, 'COFRE', '1194.00', '2020-12-08', 2),
(535, 'CAIXA ECO.', '0.00', '2020-12-08', 2),
(536, 'XP', '13915.37', '2020-12-09', 2),
(537, 'CLEAR', '3619.69', '2020-12-09', 2),
(538, 'NUBANK', '3284.08', '2020-12-09', 2),
(539, 'COFRE', '1194.00', '2020-12-09', 2),
(540, 'CAIXA ECO.', '0.00', '2020-12-09', 2),
(541, 'XP', '13896.78', '2020-12-10', 2),
(542, 'CLEAR', '3627.81', '2020-12-10', 2),
(543, 'NUBANK', '3284.25', '2020-12-10', 2),
(544, 'COFRE', '1194.00', '2020-12-10', 2),
(545, 'CAIXA ECO.', '0.00', '2020-12-10', 2),
(546, 'XP', '13899.17', '2020-12-11', 2),
(547, 'CLEAR', '3630.95', '2020-12-11', 2),
(548, 'NUBANK', '3284.48', '2020-12-11', 2),
(549, 'COFRE', '1194.00', '2020-12-11', 2),
(550, 'CAIXA ECO.', '0.00', '2020-12-11', 2),
(551, 'XP', '13900.10', '2020-12-13', 2),
(552, 'CLEAR', '3630.95', '2020-12-13', 2),
(553, 'NUBANK', '3001.44', '2020-12-13', 2),
(556, 'COFRE', '1424.00', '2020-12-13', 2),
(557, 'CAIXA ECO.', '0.00', '2020-12-13', 2),
(558, 'XP', '13896.36', '2020-12-14', 2),
(559, 'CLEAR', '3622.58', '2020-12-14', 2),
(560, 'NUBANK', '3001.45', '2020-12-14', 2),
(563, 'COFRE', '1411.00', '2020-12-14', 2),
(564, 'CAIXA ECO.', '0.00', '2020-12-14', 2),
(565, 'XP', '13926.17', '2020-12-15', 2),
(566, 'CLEAR', '3655.26', '2020-12-15', 2),
(567, 'NUBANK', '3001.63', '2020-12-15', 2),
(568, 'COFRE', '1411.00', '2020-12-15', 2),
(569, 'CAIXA ECO.', '0.00', '2020-12-15', 2),
(570, 'XP', '13935.87', '2020-12-16', 2),
(571, 'CLEAR', '3671.45', '2020-12-16', 2),
(572, 'NUBANK', '3001.81', '2020-12-16', 2),
(573, 'COFRE', '1411.00', '2020-12-16', 2),
(574, 'CAIXA ECO.', '0.00', '2020-12-16', 2),
(575, 'XP', '13937.07', '2020-12-17', 2),
(576, 'CLEAR', '3674.54', '2020-12-17', 2),
(577, 'NUBANK', '3001.97', '2020-12-17', 2),
(578, 'COFRE', '1411.00', '2020-12-17', 2),
(579, 'CAIXA ECO.', '0.00', '2020-12-17', 2),
(580, 'XP', '13959.58', '2020-12-18', 2),
(581, 'CLEAR', '3664.00', '2020-12-18', 2),
(585, 'NUBANK', '3215.34', '2020-12-18', 2),
(586, 'COFRE', '1411.00', '2020-12-18', 2),
(587, 'CAIXA ECO.', '0.00', '2020-12-18', 2),
(588, 'XP', '13960.51', '2020-12-19', 2),
(589, 'CLEAR', '3664.00', '2020-12-19', 2),
(590, 'NUBANK', '3215.34', '2020-12-19', 2),
(591, 'COFRE', '1184.00', '2020-12-19', 2),
(592, 'CAIXA ECO.', '0.00', '2020-12-19', 2),
(593, 'XP', '13960.51', '2020-12-20', 2),
(594, 'CLEAR', '3664.00', '2020-12-20', 2),
(595, 'NUBANK', '3168.34', '2020-12-20', 2),
(596, 'COFRE', '1154.00', '2020-12-20', 2),
(597, 'CAIXA ECO.', '0.00', '2020-12-20', 2),
(598, 'XP', '14974.83', '2020-12-21', 2),
(599, 'CLEAR', '4186.03', '2020-12-21', 2),
(600, 'NUBANK', '1628.34', '2020-12-21', 2),
(601, 'COFRE', '1151.00', '2020-12-21', 2),
(602, 'CAIXA ECO.', '0.00', '2020-12-21', 2),
(603, 'XP', '14974.50', '2020-12-22', 2),
(604, 'CLEAR', '4194.94', '2020-12-22', 2),
(605, 'NUBANK', '1468.43', '2020-12-22', 2),
(606, 'COFRE', '1151.00', '2020-12-22', 2),
(607, 'CAIXA ECO.', '0.00', '2020-12-22', 2),
(608, 'XP', '15247.16', '2020-12-23', 2),
(609, 'CLEAR', '4245.86', '2020-12-23', 2),
(610, 'NUBANK', '1198.52', '2020-12-23', 2),
(611, 'COFRE', '1151.00', '2020-12-23', 2),
(612, 'CAIXA ECO.', '0.00', '2020-12-23', 2),
(613, 'XP', '15249.60', '2020-12-26', 2),
(614, 'CLEAR', '4245.86', '2020-12-26', 2),
(615, 'NUBANK', '1198.67', '2020-12-26', 2),
(616, 'COFRE', '1151.00', '2020-12-26', 2),
(618, 'CAIXA ECO.', '0.00', '2020-12-26', 2),
(619, 'XP', '15260.28', '2020-12-28', 2),
(620, 'CLEAR', '4288.12', '2020-12-28', 2),
(621, 'NUBANK', '1198.67', '2020-12-28', 2),
(622, 'COFRE', '1144.00', '2020-12-28', 2),
(623, 'CAIXA ECO.', '0.00', '2020-12-28', 2),
(624, 'XP', '15325.60', '2020-12-29', 2),
(625, 'CLEAR', '4293.87', '2020-12-29', 2),
(626, 'NUBANK', '1198.73', '2020-12-29', 2),
(627, 'COFRE', '1139.00', '2020-12-29', 2),
(628, 'CAIXA ECO.', '0.00', '2020-12-29', 2),
(629, 'XP', '15359.49', '2020-12-30', 2),
(630, 'CLEAR', '4264.75', '2020-12-30', 2),
(634, 'NUBANK', '1348.88', '2020-12-30', 2),
(636, 'COFRE', '1480.00', '2020-12-30', 2),
(637, 'CAIXA ECO.', '0.00', '2020-12-30', 2),
(638, 'XP', '15361.93', '2021-01-02', 2),
(639, 'CLEAR', '4264.75', '2021-01-02', 2),
(640, 'NUBANK', '1348.95', '2021-01-02', 2),
(641, 'COFRE', '1480.00', '2021-01-02', 2),
(642, 'CAIXA ECO.', '0.00', '2021-01-02', 2),
(643, 'XP', '15361.93', '2021-01-03', 2),
(644, 'CLEAR', '4264.75', '2021-01-03', 2),
(645, 'NUBANK', '1348.95', '2021-01-03', 2),
(646, 'COFRE', '1466.00', '2021-01-03', 2),
(647, 'CAIXA ECO.', '0.00', '2021-01-03', 2),
(648, 'XP', '15360.27', '2021-01-04', 2),
(649, 'CLEAR', '4232.89', '2021-01-04', 2),
(650, 'NUBANK', '1348.95', '2021-01-04', 2),
(651, 'COFRE', '1452.00', '2021-01-04', 2),
(652, 'CAIXA ECO.', '0.00', '2021-01-04', 2),
(653, 'XP', '15356.86', '2021-01-05', 2),
(654, 'CLEAR', '4219.62', '2021-01-05', 2),
(655, 'NUBANK', '1499.02', '2021-01-05', 2),
(656, 'COFRE', '1423.00', '2021-01-05', 2),
(657, 'CAIXA ECO.', '0.00', '2021-01-05', 2),
(658, 'XP', '15355.19', '2021-01-06', 2),
(659, 'CLEAR', '4257.41', '2021-01-06', 2),
(660, 'NUBANK', '1499.10', '2021-01-06', 2),
(661, 'COFRE', '1419.00', '2021-01-06', 2),
(662, 'CAIXA ECO.', '0.00', '2021-01-06', 2),
(663, 'XP', '15377.58', '2021-01-07', 2),
(664, 'CLEAR', '4323.13', '2021-01-07', 2),
(665, 'NUBANK', '1499.17', '2021-01-07', 2),
(667, 'COFRE', '1341.00', '2021-01-07', 2),
(668, 'CAIXA ECO.', '0.00', '2021-01-07', 2),
(669, 'XP', '15378.60', '2021-01-08', 2),
(670, 'CLEAR', '4340.04', '2021-01-08', 2),
(671, 'NUBANK', '3427.07', '2021-01-08', 2),
(672, 'COFRE', '1315.00', '2021-01-08', 2),
(673, 'CAIXA ECO.', '0.00', '2021-01-08', 2),
(674, 'XP', '15378.60', '2021-01-09', 2),
(675, 'CLEAR', '4340.04', '2021-01-09', 2),
(676, 'NUBANK', '3427.07', '2021-01-09', 2),
(677, 'COFRE', '1256.00', '2021-01-09', 2),
(678, 'CAIXA ECO.', '0.00', '2021-01-09', 2),
(679, 'XP', '15379.82', '2021-01-10', 2),
(680, 'CLEAR', '4340.04', '2021-01-10', 2),
(681, 'NUBANK', '3427.07', '2021-01-10', 2),
(682, 'COFRE', '1221.00', '2021-01-10', 2),
(683, 'CAIXA ECO.', '0.00', '2021-01-10', 2),
(684, 'XP', '15366.81', '2021-01-11', 2),
(685, 'CLEAR', '4312.62', '2021-01-11', 2),
(686, 'NUBANK', '3497.17', '2021-01-11', 2),
(688, 'COFRE', '1217.00', '2021-01-11', 2),
(689, 'CAIXA ECO.', '0.00', '2021-01-11', 2),
(690, 'XP', '15351.99', '2021-01-12', 2),
(691, 'CLEAR', '4317.23', '2021-01-12', 2),
(692, 'NUBANK', '3497.28', '2021-01-12', 2),
(693, 'COFRE', '1213.00', '2021-01-12', 2),
(694, 'CAIXA ECO.', '0.00', '2021-01-12', 2),
(695, 'XP', '15361.11', '2021-01-13', 2),
(696, 'CLEAR', '4307.44', '2021-01-13', 2),
(697, 'NUBANK', '3497.36', '2021-01-13', 2),
(698, 'COFRE', '1208.00', '2021-01-13', 2),
(699, 'CAIXA ECO.', '0.00', '2021-01-13', 2),
(700, 'XP', '15374.84', '2021-01-14', 2),
(701, 'CLEAR', '4331.31', '2021-01-14', 2),
(702, 'NUBANK', '3497.48', '2021-01-14', 2),
(703, 'COFRE', '1186.00', '2021-01-14', 2),
(704, 'CAIXA ECO.', '0.00', '2021-01-14', 2),
(705, 'XP', '15385.78', '2021-01-15', 2),
(706, 'CLEAR', '4263.60', '2021-01-15', 2),
(707, 'NUBANK', '3497.59', '2021-01-15', 2),
(708, 'COFRE', '1181.00', '2021-01-15', 2),
(709, 'CAIXA ECO.', '0.00', '2021-01-15', 2),
(710, 'XP', '15387.01', '2021-01-17', 2),
(711, 'CLEAR', '4263.60', '2021-01-17', 2),
(712, 'NUBANK', '3497.80', '2021-01-17', 2),
(713, 'COFRE', '1027.00', '2021-01-17', 2),
(714, 'CAIXA ECO.', '0.00', '2021-01-17', 2),
(715, 'XP', '15372.67', '2021-01-18', 2),
(716, 'CLEAR', '4277.39', '2021-01-18', 2),
(717, 'NUBANK', '3427.80', '2021-01-18', 2),
(718, 'COFRE', '1032.00', '2021-01-18', 2),
(719, 'CAIXA ECO.', '0.00', '2021-01-18', 2),
(720, 'XP', '15356.26', '2021-01-19', 2),
(721, 'CLEAR', '4245.59', '2021-01-19', 2),
(722, 'NUBANK', '3427.94', '2021-01-19', 2),
(723, 'COFRE', '1029.00', '2021-01-19', 2),
(724, 'CAIXA ECO.', '0.00', '2021-01-19', 2),
(725, 'XP', '15341.93', '2021-01-20', 2),
(726, 'CLEAR', '4202.08', '2021-01-20', 2),
(727, 'NUBANK', '3428.09', '2021-01-20', 2),
(728, 'COFRE', '1029.00', '2021-01-20', 2),
(729, 'CAIXA ECO.', '0.00', '2021-01-20', 2),
(730, 'XP', '15346.64', '2021-01-21', 2),
(731, 'CLEAR', '4149.81', '2021-01-21', 2),
(732, 'NUBANK', '3428.26', '2021-01-21', 2),
(733, 'COFRE', '1029.00', '2021-01-21', 2),
(734, 'CAIXA ECO.', '0.00', '2021-01-21', 2),
(735, 'XP', '15325.98', '2021-01-22', 2),
(736, 'CLEAR', '4118.05', '2021-01-22', 2),
(737, 'NUBANK', '3428.44', '2021-01-22', 2),
(738, 'COFRE', '1029.00', '2021-01-22', 2),
(740, 'CAIXA ECO.', '320.00', '2021-01-22', 2),
(741, 'XP', '15327.21', '2021-01-23', 2),
(742, 'CLEAR', '4118.05', '2021-01-23', 2),
(743, 'NUBANK', '3498.61', '2021-01-23', 2),
(744, 'COFRE', '1350.00', '2021-01-23', 2),
(745, 'CAIXA ECO.', '0.00', '2021-01-23', 2),
(746, 'XP', '16827.21', '2021-01-25', 2),
(747, 'CLEAR', '4618.05', '2021-01-25', 2),
(748, 'NUBANK', '1498.72', '2021-01-25', 2),
(749, 'COFRE', '1350.00', '2021-01-25', 2),
(750, 'CAIXA ECO.', '0.00', '2021-01-25', 2),
(751, 'XP', '16829.24', '2021-01-26', 2),
(752, 'CLEAR', '4562.27', '2021-01-26', 2),
(753, 'NUBANK', '1498.81', '2021-01-26', 2),
(754, 'COFRE', '1350.00', '2021-01-26', 2),
(755, 'CAIXA ECO.', '0.00', '2021-01-26', 2),
(756, 'XP', '16822.06', '2021-01-27', 2),
(757, 'CLEAR', '4537.18', '2021-01-27', 2),
(758, 'NUBANK', '1498.88', '2021-01-27', 2),
(760, 'COFRE', '1335.00', '2021-01-27', 2),
(761, 'CAIXA ECO.', '0.00', '2021-01-27', 2),
(762, 'XP', '16874.80', '2021-01-29', 2),
(763, 'CLEAR', '4544.97', '2021-01-29', 2),
(764, 'NUBANK', '1499.00', '2021-01-29', 2),
(765, 'COFRE', '1323.00', '2021-01-29', 2),
(766, 'CAIXA ECO.', '0.00', '2021-01-29', 2),
(767, 'XP', '16876.36', '2021-01-31', 2),
(768, 'CLEAR', '4544.97', '2021-01-31', 2),
(769, 'NUBANK', '1499.05', '2021-01-31', 2),
(770, 'COFRE', '1295.00', '2021-01-31', 2),
(771, 'CAIXA ECO.', '0.00', '2021-01-31', 2),
(772, 'XP', '16884.71', '2021-02-01', 2),
(773, 'CLEAR', '4610.67', '2021-02-01', 2),
(774, 'NUBANK', '1499.05', '2021-02-01', 2),
(775, 'COFRE', '1295.00', '2021-02-01', 2),
(777, 'CAIXA ECO.', '0.00', '2021-02-01', 2),
(778, 'XP', '16914.88', '2021-02-02', 2),
(779, 'CLEAR', '4629.11', '2021-02-02', 2),
(780, 'NUBANK', '1499.12', '2021-02-02', 2),
(781, 'COFRE', '1295.00', '2021-02-02', 2),
(782, 'CAIXA ECO.', '0.00', '2021-02-02', 2),
(783, 'XP', '16924.00', '2021-02-03', 2),
(784, 'CLEAR', '4628.87', '2021-02-03', 2),
(785, 'NUBANK', '1499.19', '2021-02-03', 2),
(786, 'COFRE', '1295.00', '2021-02-03', 2),
(787, 'CAIXA ECO.', '0.00', '2021-02-03', 2),
(788, 'XP', '16925.44', '2021-02-04', 2),
(789, 'CLEAR', '4614.78', '2021-02-04', 2),
(790, 'NUBANK', '1499.24', '2021-02-04', 2),
(793, 'COFRE', '1297.00', '2021-02-04', 2),
(794, 'CAIXA ECO.', '0.00', '2021-02-04', 2),
(795, 'XP', '16928.99', '2021-02-05', 2),
(796, 'CLEAR', '4611.48', '2021-02-05', 2),
(797, 'NUBANK', '1454.33', '2021-02-05', 2),
(798, 'COFRE', '1297.00', '2021-02-05', 2),
(799, 'CAIXA ECO.', '0.00', '2021-02-05', 2),
(805, 'XP', '16920.54', '2021-02-08', 2),
(806, 'CLEAR', '4595.22', '2021-02-08', 2),
(807, 'NUBANK', '1444.44', '2021-02-08', 2),
(808, 'COFRE', '1293.00', '2021-02-08', 2),
(809, 'CAIXA ECO.', '0.00', '2021-02-08', 2),
(810, 'XP', '16932.11', '2021-02-09', 2),
(811, 'CLEAR', '4621.79', '2021-02-09', 2),
(812, 'NUBANK', '1444.53', '2021-02-09', 2),
(813, 'COFRE', '1293.00', '2021-02-09', 2),
(814, 'CAIXA ECO.', '0.00', '2021-02-09', 2),
(815, 'XP', '16929.08', '2021-02-10', 2),
(816, 'CLEAR', '4602.08', '2021-02-10', 2),
(817, 'NUBANK', '1444.59', '2021-02-10', 2),
(818, 'COFRE', '1293.00', '2021-02-10', 2),
(819, 'CAIXA ECO.', '0.00', '2021-02-10', 2),
(820, 'XP', '16940.96', '2021-02-11', 2),
(821, 'CLEAR', '4619.73', '2021-02-11', 2),
(822, 'NUBANK', '1444.67', '2021-02-11', 2),
(823, 'COFRE', '1293.00', '2021-02-11', 2),
(824, 'CAIXA ECO.', '0.00', '2021-02-11', 2),
(825, 'XP', '16958.90', '2021-02-12', 2),
(826, 'CLEAR', '4661.68', '2021-02-12', 2),
(827, 'NUBANK', '1322.22', '2021-02-12', 2),
(829, 'COFRE', '1416.00', '2021-02-12', 2),
(830, 'CAIXA ECO.', '0.00', '2021-02-12', 2),
(831, 'XP', '16960.46', '2021-02-15', 2),
(832, 'CLEAR', '4661.68', '2021-02-15', 2),
(833, 'NUBANK', '1322.32', '2021-02-15', 2),
(834, 'COFRE', '1416.00', '2021-02-15', 2),
(835, 'CAIXA ECO.', '0.00', '2021-02-15', 2),
(836, 'XP', '16957.57', '2021-02-17', 2),
(837, 'CLEAR', '4666.67', '2021-02-17', 2),
(838, 'NUBANK', '1322.35', '2021-02-17', 2),
(839, 'COFRE', '1416.00', '2021-02-17', 2),
(840, 'CAIXA ECO.', '0.00', '2021-02-17', 2),
(841, 'XP', '16931.94', '2021-02-18', 2),
(842, 'CLEAR', '4643.75', '2021-02-18', 2),
(843, 'NUBANK', '1322.44', '2021-02-18', 2),
(844, 'COFRE', '1416.00', '2021-02-18', 2),
(845, 'CAIXA ECO.', '0.00', '2021-02-18', 2),
(846, 'XP', '16931.34', '2021-02-19', 2),
(847, 'CLEAR', '4624.48', '2021-02-19', 2),
(848, 'NUBANK', '1322.53', '2021-02-19', 2),
(849, 'COFRE', '1416.00', '2021-02-19', 2),
(850, 'CAIXA ECO.', '0.00', '2021-02-19', 2),
(851, 'XP', '16932.90', '2021-02-20', 2),
(852, 'CLEAR', '4624.48', '2021-02-20', 2),
(853, 'NUBANK', '1242.25', '2021-02-20', 2),
(854, 'COFRE', '1485.00', '2021-02-20', 2),
(855, 'CAIXA ECO.', '0.00', '2021-02-20', 2);

-- --------------------------------------------------------

--
-- Estrutura da tabela `lancamentos`
--

CREATE TABLE `lancamentos` (
  `cdLancamento` bigint(20) NOT NULL,
  `descricao` varchar(150) NOT NULL,
  `valor` decimal(12,2) NOT NULL,
  `dtLancamento` datetime DEFAULT current_timestamp(),
  `cdTipo` int(11) NOT NULL,
  `cdUsuario` bigint(20) NOT NULL
) ENGINE=InnoDB DEFAULT CHARSET=utf8;

--
-- Extraindo dados da tabela `lancamentos`
--

INSERT INTO `lancamentos` (`cdLancamento`, `descricao`, `valor`, `dtLancamento`, `cdTipo`, `cdUsuario`) VALUES
(32, 'XP SALÁRIO', '600.00', '2020-12-09 21:16:39', 1, 2),
(33, 'XP SALÁRIO', '600.00', '2019-12-18 22:32:59', 1, 2),
(34, 'XP RENDA EXTRA', '214.00', '2019-12-20 22:33:47', 1, 2),
(35, 'XP SALÁRIO', '1450.00', '2020-01-08 22:35:00', 1, 2),
(36, 'XP RENDA EXTRA', '170.00', '2020-01-27 22:35:26', 1, 2),
(37, 'XP RENDA EXTRA', '80.00', '2020-02-06 22:36:41', 1, 2),
(38, 'XP SALÁRIO', '1000.00', '2020-02-10 22:36:54', 1, 2),
(39, 'XP RETIRADA', '10.00', '2020-02-21 22:37:28', 2, 2),
(40, 'XP RETORNO', '10.00', '2020-02-21 22:37:48', 1, 2),
(41, 'XP SALÁRIO', '800.00', '2020-03-09 22:38:31', 1, 2),
(42, 'XP SALÁRIO', '200.00', '2020-03-10 22:38:47', 1, 2),
(43, 'XP SALÁRIO', '900.00', '2020-04-08 22:39:34', 1, 2),
(44, 'XP SALÁRIO', '100.00', '2020-04-09 22:39:52', 1, 2),
(45, 'XP RENDA EXTRA', '500.00', '2020-04-23 22:40:32', 1, 2),
(46, 'XP RENDA EXTRA', '92.00', '2020-04-24 22:41:02', 1, 2),
(47, 'XP RENDA EXTRA', '80.00', '2020-05-06 22:42:37', 1, 2),
(48, 'XP SALÁRIO', '1020.00', '2020-05-11 22:42:58', 1, 2),
(49, 'XP RETIRADA', '200.00', '2020-03-12 22:46:52', 2, 2),
(50, 'XP RETIRADA', '25.00', '2020-03-26 22:47:34', 2, 2),
(51, 'XP RETIRADA', '30.00', '2020-04-27 22:48:19', 2, 2),
(52, 'XP RETIRADA', '100.00', '2020-05-22 22:49:17', 2, 2),
(53, 'CLEAR SALÁRIO', '500.00', '2020-02-10 09:55:37', 1, 2),
(54, 'CLEAR RENDA EXTRA', '56.00', '2020-02-11 09:56:10', 1, 2),
(55, 'CLEAR RENDA EXTRA', '34.00', '2020-02-11 09:56:31', 1, 2),
(56, 'CLEAR RENDA EXTRA', '112.00', '2020-02-20 09:58:07', 1, 2),
(57, 'CLEAR SALÁRIO', '300.00', '2020-03-09 09:59:28', 1, 2),
(58, 'CLEAR SALÁRIO', '180.00', '2020-03-13 10:00:11', 1, 2),
(59, 'CLEAR RENDA EXTRA', '34.00', '2020-02-12 10:01:08', 1, 2),
(61, 'CLEAR RETIRADA', '100.00', '2020-03-16 10:02:42', 2, 2),
(62, 'CLEAR RENDA EXTRA', '25.00', '2020-03-24 10:03:16', 1, 2),
(63, 'CLEAR RENDA EXTRA', '80.00', '2020-04-07 10:05:22', 1, 2),
(64, 'CLEAR SALÁRIO', '400.00', '2020-04-08 10:05:50', 1, 2),
(66, 'CLEAR SALÁRIO', '200.00', '2020-05-11 10:09:04', 1, 2),
(67, 'CLEAR RETIRADA', '199.00', '2020-06-01 15:21:07', 2, 2),
(68, 'XP RETIRADA', '10.00', '2020-06-01 15:21:30', 2, 2),
(70, 'DEPOSITO XP', '100.00', '2020-01-01 08:51:32', 1, 1),
(71, 'RETIRADA XP', '5.00', '2020-01-05 08:51:48', 2, 1),
(72, 'COFRE', '27.00', '2020-06-04 08:56:53', 1, 2),
(73, 'ACERTO DE CAIXA', '211.22', '2020-06-04 10:43:12', 1, 2),
(76, 'COFRE', '100.00', '2020-06-04 23:38:29', 1, 2),
(77, 'XP SALÁRIO', '1400.00', '2020-06-08 09:09:38', 1, 2),
(78, 'CLEAR SALÁRIO', '100.00', '2020-06-08 09:09:53', 1, 2),
(80, 'COFRE', '4.00', '2020-06-08 15:18:49', 1, 2),
(82, 'COFRE', '5.00', '2020-06-12 16:24:16', 1, 2),
(83, 'COFRE', '45.00', '2020-06-12 21:09:55', 1, 2),
(84, 'COFRE', '19.00', '2020-06-14 14:49:48', 1, 2),
(85, 'XP RETIRADA', '50.00', '2020-05-12 00:11:45', 2, 2),
(86, 'DEPOSITO XP', '100.00', '2020-06-10 00:34:13', 1, 1),
(87, 'XP RETIRADA', '10.00', '2020-06-12 00:35:05', 2, 1),
(88, 'COFRE', '5.00', '2020-06-13 00:35:20', 1, 1),
(89, 'COFRE', '5.00', '2020-06-14 00:35:48', 1, 1),
(90, 'XP RETIRADA', '35.00', '2020-06-16 10:59:47', 2, 2),
(91, 'XP RETIRADA', '20.00', '2020-06-17 09:35:48', 2, 2),
(92, 'COFRE', '78.00', '2020-06-17 00:32:22', 1, 2),
(93, 'COFRE RETIRADA', '6.90', '2020-06-20 16:23:17', 2, 2),
(94, 'COFRE RETIRADA', '13.00', '2020-06-20 23:21:29', 2, 2),
(95, 'COFRE', '1.00', '2020-03-22 22:19:07', 1, 2),
(96, 'COFRE', '7.00', '2020-06-28 14:30:24', 1, 2),
(98, 'XP RETIRADA', '28.00', '2020-06-27 08:31:08', 2, 2),
(100, 'COFRE RETIRADA', '10.00', '2020-07-01 08:50:30', 2, 2),
(101, 'CLEAR TRANSF.', '1100.00', '2020-07-01 08:51:08', 2, 2),
(102, 'CLEAR RETIRADA', '13.00', '2020-07-02 13:53:23', 2, 2),
(103, 'COFRE', '72.00', '2020-07-02 16:59:47', 1, 2),
(104, 'COFRE', '16.00', '2020-07-03 19:00:36', 1, 2),
(105, 'COFRE', '50.00', '2020-06-03 22:22:06', 1, 2),
(106, 'COFRE', '105.00', '2020-07-04 00:17:57', 1, 2),
(108, 'COFRE', '1.00', '2020-07-06 09:31:07', 1, 2),
(109, 'XP SALARIO', '1700.00', '2020-07-06 16:47:34', 1, 2),
(110, 'XP TRANSF.', '300.00', '2020-07-09 16:11:12', 2, 2),
(111, 'CLEAR SALÁRIO', '300.00', '2020-07-09 16:11:42', 1, 2),
(112, 'ENTRADA CAIXA', '454.00', '2020-07-13 09:56:22', 1, 2),
(113, 'XP RETIRADA', '70.00', '2020-07-14 10:09:47', 2, 2),
(116, 'CLEAR SALÁRIO', '70.00', '2020-07-14 10:12:55', 1, 2),
(117, 'COFRE', '83.00', '2020-07-18 11:00:28', 1, 2),
(118, 'RETIRADA NUBANK', '20.00', '2020-07-20 11:03:51', 2, 2),
(119, 'RETIRADA NUBANK', '20.00', '2020-07-21 11:37:10', 2, 2),
(120, 'COFRE', '5.00', '2020-07-25 08:48:33', 1, 2),
(121, 'COFRE RETIRADA', '16.00', '2020-07-28 23:08:10', 2, 2),
(122, 'COFRE RETIRADA', '15.00', '2020-07-29 16:26:42', 2, 2),
(123, 'XP RETIRADA', '120.00', '2020-07-30 15:02:17', 2, 2),
(124, 'ENTRADA NUBANK', '120.00', '2020-07-30 15:03:13', 1, 2),
(125, 'COFRE RETIRADA', '15.00', '2020-07-31 12:51:26', 2, 2),
(126, 'COFRE RETIRADA', '8.00', '2020-07-31 16:38:21', 2, 2),
(127, 'COFRE RETIRADA', '15.00', '2020-07-31 13:17:30', 2, 2),
(128, 'COFRE RETIRADA', '9.00', '2020-08-01 13:17:49', 2, 2),
(129, 'COFRE RETIRADA', '4.00', '2020-08-02 13:18:02', 2, 2),
(130, 'COFRE RETIRADA', '16.00', '2020-08-02 16:00:06', 2, 2),
(131, 'RETIRADA NUBANK', '100.00', '2020-08-03 13:52:19', 2, 2),
(132, 'CLEAR ENTRADA', '100.00', '2020-08-03 13:54:10', 1, 2),
(133, 'COFRE RETIRADA', '2.00', '2020-08-03 20:04:44', 2, 2),
(134, 'NUBANK RETIRADA', '20.00', '2020-08-04 14:10:00', 2, 2),
(135, 'XP ENTRADA', '20.00', '2020-08-04 14:10:22', 1, 2),
(136, 'COFRE RETIRADA', '20.00', '2020-08-04 16:02:01', 2, 2),
(137, 'NUBANK RETIRADA', '50.00', '2020-08-04 16:07:52', 2, 2),
(138, 'CLEAR ENTRADA', '50.00', '2020-08-04 16:08:08', 1, 2),
(139, 'CLEAR ENTRADA', '15.00', '2020-08-04 18:26:04', 1, 2),
(140, 'XP SALARIO', '1210.00', '2020-08-05 15:00:48', 1, 2),
(141, 'XP SALARIO', '14.00', '2020-08-05 17:10:55', 1, 2),
(142, 'XP RETIRADA', '150.00', '2020-08-06 13:00:52', 2, 2),
(143, 'CLEAR ENTRADA', '150.00', '2020-08-06 13:01:14', 1, 2),
(144, 'COFRE', '35.00', '2020-08-06 00:44:57', 1, 2),
(145, 'XP RETIRADA', '150.00', '2020-08-10 13:57:33', 2, 2),
(147, 'CAIXA ECO. ENTRADA', '150.00', '2020-08-10 14:01:19', 1, 2),
(148, 'CAIXA ECO. RETIRADA', '150.00', '2020-08-10 01:11:41', 2, 2),
(149, 'COFRE', '150.00', '2020-08-10 01:11:55', 1, 2),
(151, 'COFRE RETIRADA', '16.00', '2020-08-14 19:47:23', 2, 2),
(152, 'XP RETIRADA', '100.00', '2020-08-17 18:26:59', 2, 2),
(153, 'CLEAR ENTRADA', '100.00', '2020-08-17 18:27:19', 1, 2),
(154, 'XP TRANSF.', '950.00', '2020-08-18 21:48:54', 2, 2),
(155, 'COFRE RETIRADA', '25.00', '2020-08-21 17:55:06', 2, 2),
(156, 'COFRE', '122.00', '2020-08-22 00:58:19', 1, 2),
(157, 'COFRE RETIRADA', '20.00', '2020-08-23 19:26:29', 2, 2),
(158, 'COFRE', '680.00', '2020-08-23 19:26:45', 1, 2),
(159, 'COFRE RETIRADA', '80.00', '2020-08-24 14:22:18', 2, 2),
(161, 'COFRE RETIRADA', '20.00', '2020-08-24 00:01:52', 2, 2),
(162, 'COFRE RETIRADA', '10.00', '2020-08-25 22:07:34', 2, 2),
(163, 'COFRE RETIRADA', '30.00', '2020-08-28 23:32:36', 2, 2),
(164, 'COFRE RETIRADA', '20.00', '2020-08-29 21:26:18', 2, 2),
(165, 'COFRE RETIRADA', '20.00', '2020-08-30 22:52:38', 2, 2),
(166, 'COFRE RETIRADA', '10.00', '2020-09-01 22:29:32', 2, 2),
(167, 'COFRE RETIRADA', '10.00', '2020-09-03 22:17:33', 2, 2),
(168, 'ENTRADA NUBANK', '2136.00', '2020-09-04 17:37:57', 1, 2),
(169, 'COFRE', '150.00', '2020-09-07 21:18:21', 1, 2),
(170, 'COFRE RETIRADA COMBUSTIVEL DIARIA', '22.00', '2020-09-08 11:42:44', 2, 2),
(171, 'COFRE RETIRADA TAXI', '14.00', '2020-09-08 11:42:58', 2, 2),
(172, 'NUBANK ENTRADA', '396.00', '2020-09-09 12:42:58', 1, 2),
(173, 'COFRE', '26.00', '2020-09-10 00:19:42', 1, 2),
(174, 'COFRE RETIRADA', '98.00', '2020-09-11 21:30:35', 2, 2),
(175, 'COFRE', '80.00', '2020-09-12 21:00:15', 1, 2),
(176, 'COFRE RETIRADA', '5.00', '2020-09-17 18:46:16', 2, 2),
(177, 'COFRE', '22.00', '2020-09-19 20:55:44', 1, 2),
(178, 'COFRE RETIRADA PASSEIO', '134.00', '2020-09-21 01:05:22', 2, 2),
(179, 'COFRE RETIRADA MARTMITA', '14.00', '2020-09-26 11:44:14', 2, 2),
(180, 'COFRE', '15.00', '2020-09-29 01:49:08', 2, 2),
(181, 'COFRE RETIRADA MERCADO', '16.00', '2020-09-30 11:18:04', 2, 2),
(182, 'COFRE', '1.00', '2020-10-04 10:27:47', 1, 2),
(183, 'COFRE', '1590.00', '2020-10-06 16:05:00', 1, 2),
(184, 'NUBANK RETIRADA', '200.00', '2020-10-14 16:44:43', 2, 2),
(185, 'CLEAR ENTRADA', '200.00', '2020-10-14 16:44:55', 1, 2),
(186, 'NUBANK RETIRADA PARQUE PANORAMICO', '90.00', '1989-10-14 19:09:04', 2, 2),
(187, 'NUBANK RETIRADA', '1100.00', '2020-10-16 10:08:05', 2, 2),
(188, 'XP ENTRADA', '1100.00', '2020-10-16 10:08:14', 1, 2),
(189, 'COFRE', '41.00', '2020-10-18 22:07:29', 1, 2),
(190, 'NUBANK RETIRADA', '37.00', '2020-10-19 17:33:12', 2, 2),
(191, 'CLEAR ENTRADA', '37.00', '2020-10-19 17:33:26', 1, 2),
(192, 'NUBANK RETIRADA DOACAO', '1000.00', '2020-10-22 22:22:22', 2, 2),
(193, 'COFRE', '45.00', '2020-10-24 00:18:03', 1, 2),
(194, 'COFRE', '385.00', '2020-10-25 12:51:08', 1, 2),
(195, 'COFRE', '10.00', '2020-10-26 01:28:24', 1, 2),
(196, 'COFRE RETIRADA FERNANDA', '20.00', '2020-10-28 10:51:16', 2, 2),
(198, 'NUBANK RETIRADA', '500.00', '2020-10-29 14:14:17', 2, 2),
(199, 'XP ENTRADA', '500.00', '2020-10-29 14:14:28', 1, 2),
(200, 'COFRE RETIRADA FERNANDA', '20.00', '2020-10-30 23:13:52', 2, 2),
(201, 'COFRE RETIRADA FERNANDA ALMOÇO + ESFIRAS + PASSEIO', '109.00', '2020-10-31 17:33:48', 2, 2),
(202, 'COFRE RETIRADA XEROX', '6.00', '2020-11-04 17:52:18', 2, 2),
(203, 'COFRE RETIRADA MERCADO', '22.00', '2020-11-04 00:00:24', 2, 2),
(204, 'COFRE RETIRADA MENTORIA SERGIO', '25.00', '2020-11-05 00:27:42', 2, 2),
(205, 'NUBANK ENTRADA', '1833.00', '2020-11-06 17:42:51', 1, 2),
(206, 'COFRE RETIRADA COMBUSTIVEL', '50.00', '2020-11-07 18:40:01', 2, 2),
(207, 'COFRE', '2.00', '2020-11-08 01:48:33', 1, 2),
(209, 'COFRE RETIRADA IESDE', '15.00', '2020-11-10 23:44:03', 2, 2),
(210, 'COFRE RETIRADA IESDE PASSAGEM', '9.00', '2020-11-09 23:45:08', 2, 2),
(211, 'NUBANK ENTRADA', '1000.00', '2020-11-12 23:52:38', 1, 2),
(212, 'COFRE', '150.00', '2020-11-14 02:57:57', 1, 2),
(213, 'NUBANK ENTRADA', '18.88', '2020-11-15 13:54:34', 1, 2),
(214, 'COFRE RETIRADA LOGO', '120.00', '2020-11-15 16:16:43', 2, 2),
(215, 'NUBANK ENTRADA', '120.00', '2020-11-15 16:17:02', 1, 2),
(216, 'COFRE RETIRADA IESDE', '20.00', '2020-11-16 23:38:25', 2, 2),
(217, 'COFRE RETIRADA IESDE', '15.00', '2020-11-17 23:16:29', 2, 2),
(218, 'COFRE', '85.00', '2020-11-17 00:00:17', 1, 2),
(219, 'COFRE RETIRADA PASSAGEM IESDE', '7.00', '2020-11-18 01:18:09', 2, 2),
(220, 'COFRE', '1.00', '2020-11-22 23:38:00', 1, 2),
(221, 'COFRE ENTRADA', '62.00', '2020-11-22 23:43:33', 1, 2),
(222, 'COFRE RETIRADA ALMOÇO IESDE', '16.00', '2020-11-23 00:31:10', 2, 2),
(223, 'NUBANK RETIRADA', '600.00', '2020-11-24 23:42:26', 2, 2),
(224, 'XP ENTRADA', '600.00', '2020-11-24 23:42:37', 1, 2),
(225, 'NUBANK ENTRADA', '250.00', '2020-11-27 23:52:11', 1, 2),
(226, 'NUBANK RETIRADA', '20.00', '2020-11-28 18:51:15', 2, 2),
(227, 'COFRE ENTRADA', '82.00', '2020-11-28 18:51:27', 1, 2),
(228, 'COFRE ENTRADA', '85.00', '2020-11-28 21:50:18', 1, 2),
(229, 'COFRE ENTRADA', '153.00', '2020-11-29 01:48:27', 1, 2),
(230, 'COFRE RETIRADA CREDITO', '20.00', '2020-12-01 23:28:53', 2, 2),
(231, 'COFRE', '18.00', '2020-12-03 23:49:13', 1, 2),
(232, 'COFRE RETIRADA', '810.00', '2020-12-03 00:34:35', 2, 2),
(233, 'NUBANK ENTRADA', '1987.00', '2020-12-03 00:35:12', 1, 2),
(234, 'NUBANK RETIRADA', '1500.00', '2020-12-05 20:43:30', 2, 2),
(235, 'XP ENTRADA', '1500.00', '2020-12-05 20:43:40', 1, 2),
(236, 'NUBANK RETIRADA', '500.00', '2020-12-05 20:43:59', 2, 2),
(237, 'CLEAR ENTRADA', '500.00', '2020-12-05 20:44:49', 1, 2),
(238, 'COFRE', '140.00', '2020-12-05 20:45:13', 1, 2),
(239, 'COFRE', '150.00', '2020-12-06 22:04:33', 1, 2),
(240, 'NUBANK RETIRADA', '97.03', '2020-12-12 17:49:42', 2, 2),
(241, 'COFRE', '97.00', '2020-12-12 17:49:56', 1, 2),
(242, 'COFRE RETIRADA CORTE CABELO', '15.00', '2020-12-12 11:56:02', 2, 2),
(243, 'COFRE RETIRADA PIZZA', '83.75', '2020-12-12 11:57:36', 2, 2),
(244, 'COFRE', '187.00', '2020-12-13 12:00:14', 1, 2),
(245, 'NUBANK RETIRADA', '186.22', '2020-12-13 12:00:34', 2, 2),
(251, 'COFRE RETIRADA CREDITOS', '13.00', '2020-12-14 00:42:04', 2, 2),
(252, 'COFRE RETIRADA PASSEIO', '227.00', '2020-12-19 22:33:15', 2, 2),
(254, 'NUBANK RETIRADA CHUVEIRO', '47.00', '2020-12-20 00:15:36', 2, 2),
(255, 'COFRE RETIRADA PASSEIO', '30.00', '2020-12-20 00:27:04', 2, 2),
(256, 'NUBANK RETIRADA', '1550.00', '2020-12-21 00:25:38', 2, 2),
(257, 'CLEAR ENTRADA', '550.00', '2020-12-21 00:25:47', 1, 2),
(258, 'XP ENTRADA', '1000.00', '2020-12-21 00:25:57', 1, 2),
(259, 'COFRE RETIRADA', '3.00', '2020-12-21 00:42:20', 2, 2),
(260, 'NUBANK RETIRADA', '150.00', '2020-12-22 00:56:26', 2, 2),
(261, 'NUBANK RETIRADA', '270.00', '2020-12-23 23:47:01', 2, 2),
(262, 'XP ENTRADA', '200.00', '2020-12-23 23:47:10', 1, 2),
(263, 'COFRE RETIRADA', '7.00', '2020-12-28 23:33:19', 2, 2),
(264, 'COFRE RETIRADA', '5.00', '2020-12-29 23:10:59', 2, 2),
(265, 'COFRE RETIRADA', '5.00', '2020-12-30 00:55:51', 2, 2),
(266, 'COFRE RETIRADA', '19.00', '2020-12-31 19:22:01', 2, 2),
(267, 'COFRE', '365.00', '2020-12-31 19:25:23', 1, 2),
(268, 'COFRE RETIRADA MERCADO', '14.00', '2021-01-03 21:55:08', 2, 2),
(269, 'COFRE RETIRADA', '14.00', '2021-01-04 23:56:41', 2, 2),
(270, 'COFRE RETIRADA', '29.00', '2021-01-05 01:20:25', 2, 2),
(271, 'NUBANK ENTRADA CONSULTORIAS', '300.00', '2021-01-05 01:32:05', 1, 2),
(272, 'COFRE RETIRADA', '4.00', '2021-01-06 23:45:22', 2, 2),
(273, 'COFRE RETIRADA COMBUSTIVEL', '78.00', '2021-01-07 00:17:19', 2, 2),
(274, 'COFRE RETIRADA', '26.00', '2021-01-08 23:30:09', 2, 2),
(275, 'NUBANK ENTRADA', '1927.83', '2021-01-08 00:21:07', 1, 2),
(276, 'COFRE RETIRADA', '69.00', '2021-01-09 02:46:02', 2, 2),
(277, 'COFRE RETIRADA', '35.00', '2021-01-10 00:07:43', 2, 2),
(278, 'COFRE RETIRADA', '4.00', '2021-01-11 00:06:31', 2, 2),
(279, 'COFRE RETIRADA', '4.00', '2021-01-12 00:11:37', 2, 2),
(280, 'COFRE RETIRADA', '5.00', '2021-01-13 00:19:42', 2, 2),
(281, 'COFRE RETIRADA', '22.00', '2021-01-14 02:54:37', 2, 2),
(282, 'COFRE RETIRADA PRAIA', '154.00', '2021-01-17 03:37:55', 2, 2),
(283, 'NUBANK RETIRADA', '70.00', '2021-01-18 23:29:01', 2, 2),
(284, 'COFRE RETIRADA', '3.00', '2021-01-19 23:47:35', 2, 2),
(285, 'CAIXA ENTRADA', '320.00', '2021-01-22 03:14:07', 1, 2),
(286, 'CAIXA RETIRADA', '320.00', '2021-01-23 22:32:05', 2, 2),
(287, 'NUBANK ENTRADA', '390.00', '2021-01-23 22:32:47', 1, 2),
(288, 'NUBANK RETIRADA', '2000.00', '2021-01-25 00:10:31', 2, 2),
(289, 'XP ENTRADA', '1500.00', '2021-01-25 00:10:43', 1, 2),
(290, 'CLEAR ENTRADA', '500.00', '2021-01-25 00:11:03', 1, 2),
(291, 'COFRE RETIRADA', '12.00', '2021-01-29 00:25:39', 2, 2),
(292, 'COFRE RETIRADA', '28.00', '2021-01-31 12:14:49', 2, 2),
(293, 'COFRE', '2.00', '2021-02-04 00:48:22', 1, 2),
(294, 'NUBANK RETIRADA', '44.86', '2021-02-05 01:24:17', 2, 2),
(295, 'COFRE RETIRADA ALMOÇO', '4.00', '2021-02-08 00:15:22', 2, 2),
(296, 'NUBANK FECHAMENTO DE CAIXA', '10.00', '2021-02-08 22:18:52', 2, 2),
(298, 'NUBANK RETIRADA', '122.53', '2021-02-12 06:23:59', 2, 2),
(299, 'COFRE ENTRADA', '123.00', '2021-02-12 06:24:09', 1, 2),
(300, 'NUBANK RETIRADA', '80.37', '2021-02-20 18:30:48', 2, 2),
(301, 'COFRE ENTRADA', '69.00', '2021-02-20 18:31:13', 1, 2);

-- --------------------------------------------------------

--
-- Estrutura da tabela `papel`
--

CREATE TABLE `papel` (
  `cdPapel` bigint(20) NOT NULL,
  `nmPapel` varchar(150) NOT NULL,
  `cotacao` decimal(12,2) NOT NULL DEFAULT 0.00,
  `cdTipo` int(11) NOT NULL,
  `subTipo` int(11) NOT NULL,
  `taxaIr` decimal(10,2) NOT NULL DEFAULT 0.00,
  `cdUsuario` bigint(20) NOT NULL
) ENGINE=InnoDB DEFAULT CHARSET=utf8;

--
-- Extraindo dados da tabela `papel`
--

INSERT INTO `papel` (`cdPapel`, `nmPapel`, `cotacao`, `cdTipo`, `subTipo`, `taxaIr`, `cdUsuario`) VALUES
(24, 'TESOURO SELIC 2025', '0.00', 1, 1, '0.00', 2),
(26, 'ITSA4F', '10.27', 2, 3, '15.00', 2),
(27, 'HGRU11', '129.18', 2, 2, '20.00', 2),
(28, 'IPCA+ 2026', '0.00', 1, 1, '0.00', 2),
(29, 'IPCA+ 2035', '0.00', 1, 1, '0.00', 2),
(30, 'VIVT4F', '45.34', 2, 3, '15.00', 2),
(31, 'TRPL4F', '24.97', 2, 3, '15.00', 2),
(32, 'ENBR3F', '18.70', 2, 3, '15.00', 2),
(33, 'BPAN4F', '13.43', 2, 3, '15.00', 2),
(34, 'TCSA3F', '7.84', 2, 3, '15.00', 2),
(35, 'XPLG11', '122.10', 2, 2, '20.00', 2),
(36, 'BCFF11', '92.10', 2, 2, '20.00', 2),
(37, 'KNRI11', '159.19', 2, 2, '20.00', 2),
(39, 'TESOURO SELIC 2025', '0.00', 1, 0, '0.00', 1),
(40, 'ITSA4F', '9.76', 2, 0, '0.00', 1),
(41, 'TCSA3F', '1.00', 2, 0, '0.00', 1),
(42, 'PETR4F', '27.45', 2, 3, '15.00', 2),
(43, 'SAPR4F', '4.21', 2, 3, '15.00', 2),
(44, 'TREND BOLSA AMER. DOLAR FIM', '0.00', 3, 4, '0.00', 2),
(46, 'TAEE3F', '10.72', 2, 3, '15.00', 2),
(47, 'TAEE4F', '10.71', 2, 3, '15.00', 2),
(48, 'NUBANK', '0.00', 1, 1, '0.00', 2),
(49, 'SQIA3F', '23.34', 2, 3, '15.00', 2),
(50, 'XPML11', '111.54', 2, 2, '20.00', 2),
(51, 'MXRF11', '10.64', 2, 2, '20.00', 2),
(52, 'BBDC4F', '24.68', 2, 3, '15.00', 2),
(53, 'CDB PARANÁ SET/2023', '0.00', 1, 1, '0.00', 2),
(54, 'S&P500', '3383.54', 2, 3, '15.00', 2),
(55, 'CDB BANCO PAN S/A - OUT/2024', '0.00', 1, 1, '0.00', 2),
(56, 'IVVB11', '228.37', 2, 3, '15.00', 2),
(57, 'CDB BANCO C6 S.A. - NOV/2024', '0.00', 1, 1, '0.00', 2),
(58, 'AGRO3', '22.70', 2, 3, '15.00', 2),
(59, 'VINO11', '63.31', 2, 2, '20.00', 2),
(60, 'RECT11', '95.00', 2, 2, '20.00', 2),
(61, 'ROMI3', '26.50', 2, 3, '15.00', 2),
(62, 'CDB BANCO PAN S/A - DEZ/2024', '0.00', 1, 1, '0.00', 2),
(63, 'CDB AGIBANK - JAN/2025', '0.00', 1, 1, '0.00', 2);

--
-- Acionadores `papel`
--
DELIMITER $$
CREATE TRIGGER `papel_AFTER_UPDATE` AFTER UPDATE ON `papel` FOR EACH ROW BEGIN
	insert into historicoCotacoes (cdPapel,cotacao,cdUsuario) values (new.cdPapel,new.cotacao,new.cdUsuario);
END
$$
DELIMITER ;

-- --------------------------------------------------------

--
-- Estrutura da tabela `proventos`
--

CREATE TABLE `proventos` (
  `cdProvento` bigint(20) NOT NULL,
  `cdPapel` bigint(20) NOT NULL,
  `valor` decimal(12,2) NOT NULL,
  `qtde` int(11) NOT NULL,
  `subTotal` decimal(12,2) NOT NULL,
  `cdTipo` int(11) NOT NULL,
  `dtProvento` datetime DEFAULT current_timestamp(),
  `cdUsuario` bigint(20) NOT NULL
) ENGINE=InnoDB DEFAULT CHARSET=utf8;

--
-- Extraindo dados da tabela `proventos`
--

INSERT INTO `proventos` (`cdProvento`, `cdPapel`, `valor`, `qtde`, `subTotal`, `cdTipo`, `dtProvento`, `cdUsuario`) VALUES
(3, 50, '0.61', 1, '0.61', 1, '2020-01-27 00:58:11', 2),
(4, 36, '0.57', 2, '1.14', 1, '2020-02-15 00:58:53', 2),
(5, 37, '0.74', 1, '0.74', 1, '2020-02-15 00:59:13', 2),
(6, 35, '0.64', 1, '0.64', 1, '2020-02-15 00:59:43', 2),
(7, 50, '0.50', 2, '1.00', 1, '2020-02-15 01:00:23', 2),
(8, 36, '0.53', 2, '1.06', 1, '2020-03-13 01:00:56', 2),
(9, 37, '0.74', 3, '2.22', 1, '2020-03-13 01:01:24', 2),
(10, 35, '0.64', 2, '1.28', 1, '2020-03-13 01:01:53', 2),
(11, 35, '0.58', 2, '1.16', 1, '2020-04-15 01:03:01', 2),
(12, 36, '0.40', 2, '0.80', 1, '2020-04-15 01:03:19', 2),
(13, 37, '0.65', 3, '1.95', 1, '2020-04-15 01:03:57', 2),
(14, 36, '0.40', 7, '2.80', 1, '2020-05-15 01:04:36', 2),
(15, 37, '0.65', 4, '2.60', 1, '2020-05-15 01:05:11', 2),
(16, 35, '0.54', 4, '2.16', 1, '2020-05-15 01:05:54', 2),
(17, 33, '0.14', 2, '0.28', 2, '2020-02-22 01:13:24', 2),
(18, 26, '0.23', 14, '3.16', 1, '2020-02-22 01:18:58', 2),
(20, 26, '0.02', 14, '0.28', 2, '2020-03-25 01:20:51', 2),
(21, 26, '0.19', 14, '2.59', 2, '2020-02-22 01:21:58', 2),
(22, 31, '0.19', 23, '4.46', 2, '2020-05-02 01:23:11', 2),
(23, 33, '0.00', 20, '0.04', 2, '2020-04-10 01:26:39', 2),
(25, 27, '0.68', 3, '2.04', 1, '2020-06-12 08:44:04', 2),
(26, 35, '0.54', 4, '2.16', 1, '2020-06-15 00:06:16', 2),
(27, 37, '0.65', 4, '2.60', 1, '2020-06-15 00:06:54', 2),
(28, 36, '0.40', 8, '3.20', 1, '2020-06-15 00:07:20', 2),
(29, 37, '0.65', 4, '2.60', 1, '2020-07-14 10:21:45', 2),
(30, 36, '0.40', 6, '2.40', 1, '2020-07-14 10:22:09', 2),
(32, 35, '0.57', 4, '2.28', 1, '2020-07-15 12:03:54', 2),
(33, 35, '0.58', 4, '2.32', 1, '2020-08-14 14:19:01', 2),
(34, 51, '0.07', 20, '1.40', 1, '2020-08-14 14:20:04', 2),
(35, 37, '0.65', 8, '5.20', 1, '2020-08-14 14:20:37', 2),
(36, 36, '0.45', 19, '8.55', 1, '2020-08-14 14:20:54', 2),
(37, 26, '0.02', 55, '1.10', 1, '2020-08-26 18:30:02', 2),
(38, 47, '0.21', 22, '4.69', 1, '2020-08-26 18:30:47', 2),
(39, 47, '0.05', 22, '1.08', 2, '2020-08-26 18:31:46', 2),
(40, 36, '0.45', 19, '8.55', 1, '2020-09-15 00:37:00', 2),
(41, 37, '0.65', 8, '5.20', 1, '2020-09-15 00:37:22', 2),
(42, 51, '0.07', 61, '4.27', 1, '2020-09-15 00:37:54', 2),
(43, 35, '0.58', 4, '2.32', 1, '2020-09-15 00:38:27', 2),
(44, 32, '0.19', 8, '1.55', 1, '2020-09-23 17:44:38', 2),
(45, 26, '0.02', 77, '1.54', 1, '2020-10-01 15:58:36', 2),
(46, 35, '0.58', 5, '2.90', 1, '2020-10-15 12:54:25', 2),
(47, 51, '0.36', 1, '0.36', 1, '2020-10-15 12:55:06', 2),
(48, 51, '0.07', 70, '4.90', 1, '2020-10-15 12:55:32', 2),
(49, 37, '0.65', 8, '5.20', 1, '2020-10-15 12:55:51', 2),
(50, 36, '0.45', 19, '8.55', 1, '2020-10-15 12:56:13', 2),
(51, 35, '0.58', 5, '2.90', 1, '2020-11-15 13:49:54', 2),
(52, 37, '0.65', 9, '5.85', 1, '2020-11-15 13:51:23', 2),
(53, 36, '0.50', 20, '10.00', 1, '2020-11-15 13:51:41', 2),
(54, 51, '0.06', 102, '6.12', 1, '2020-11-15 13:52:46', 2),
(56, 47, '0.05', 20, '0.97', 2, '2020-11-25 23:53:45', 2),
(57, 47, '0.40', 20, '7.94', 1, '2020-11-25 23:54:16', 2),
(58, 30, '1.34', 6, '8.04', 1, '2020-12-09 00:16:46', 2),
(59, 35, '0.58', 5, '2.90', 1, '2020-12-14 23:25:50', 2),
(60, 51, '0.06', 102, '6.12', 1, '2020-12-14 23:26:28', 2),
(61, 37, '0.65', 9, '5.85', 1, '2020-12-14 23:27:58', 2),
(62, 36, '0.53', 20, '10.60', 1, '2020-12-14 23:28:20', 2),
(63, 47, '0.89', 1, '0.89', 2, '2020-12-28 23:41:53', 2),
(64, 26, '0.02', 129, '2.58', 1, '2021-01-04 00:50:40', 2),
(65, 35, '0.60', 6, '3.60', 1, '2021-01-15 00:17:59', 2),
(66, 59, '0.42', 3, '1.26', 1, '2021-01-15 00:18:38', 2),
(67, 60, '0.72', 3, '2.16', 1, '2021-01-15 00:19:20', 2),
(68, 51, '0.07', 122, '8.54', 1, '2021-01-15 00:20:10', 2),
(69, 37, '0.65', 9, '5.85', 1, '2021-01-15 00:20:44', 2),
(70, 36, '0.53', 20, '10.60', 1, '2021-01-15 00:21:10', 2),
(71, 35, '0.58', 6, '3.48', 1, '2021-02-12 22:31:44', 2),
(72, 59, '0.45', 3, '1.35', 1, '2021-02-12 22:32:13', 2),
(73, 60, '0.72', 3, '2.16', 1, '2021-02-12 22:33:03', 2),
(74, 51, '0.08', 122, '9.76', 1, '2021-02-12 22:33:56', 2),
(75, 37, '0.69', 9, '6.21', 1, '2021-02-12 22:34:46', 2),
(76, 36, '0.56', 20, '11.20', 1, '2021-02-12 22:35:24', 2);

-- --------------------------------------------------------

--
-- Estrutura da tabela `resgates`
--

CREATE TABLE `resgates` (
  `cdResgate` bigint(20) NOT NULL,
  `cdPapel` bigint(20) NOT NULL,
  `cdAporte` bigint(20) NOT NULL,
  `valor` decimal(12,2) NOT NULL,
  `qtde` int(11) NOT NULL,
  `subTotal` decimal(12,2) NOT NULL,
  `capitalInicial` decimal(12,2) NOT NULL,
  `diasCorridos` int(11) NOT NULL,
  `montanteBruto` decimal(12,2) NOT NULL,
  `montanteLiquido` decimal(12,2) NOT NULL,
  `lucroBruto` decimal(12,2) NOT NULL,
  `lucroLiquido` decimal(12,2) NOT NULL,
  `taxaRetorno` decimal(12,4) DEFAULT 0.0000,
  `taxaAdmin` decimal(12,2) NOT NULL,
  `taxaIof` decimal(12,2) NOT NULL,
  `taxaIr` decimal(12,2) NOT NULL,
  `descontoIof` decimal(12,2) NOT NULL,
  `descontoIr` decimal(12,2) NOT NULL,
  `descontoAdmin` decimal(12,2) NOT NULL,
  `dtResgate` datetime DEFAULT current_timestamp(),
  `cdUsuario` bigint(20) NOT NULL
) ENGINE=InnoDB DEFAULT CHARSET=utf8;

--
-- Extraindo dados da tabela `resgates`
--

INSERT INTO `resgates` (`cdResgate`, `cdPapel`, `cdAporte`, `valor`, `qtde`, `subTotal`, `capitalInicial`, `diasCorridos`, `montanteBruto`, `montanteLiquido`, `lucroBruto`, `lucroLiquido`, `taxaRetorno`, `taxaAdmin`, `taxaIof`, `taxaIr`, `descontoIof`, `descontoIr`, `descontoAdmin`, `dtResgate`, `cdUsuario`) VALUES
(6, 34, 54, '0.79', 111, '87.69', '84.36', 1, '87.69', '87.19', '3.33', '2.83', '0.0000', '0.00', '96.00', '15.00', '0.00', '0.50', '0.00', '2020-06-03 11:03:11', 2),
(8, 31, 55, '21.28', 24, '510.72', '502.80', 1, '510.72', '508.94', '7.92', '6.73', '0.0000', '0.00', '96.00', '15.00', '0.00', '1.19', '0.00', '2020-06-03 11:03:26', 2),
(10, 33, 66, '5.96', 20, '119.20', '116.40', 0, '119.20', '118.78', '2.80', '2.38', '0.0000', '0.00', '96.00', '15.00', '0.00', '0.42', '0.00', '2020-06-03 11:03:23', 2),
(11, 26, 50, '10.45', 69, '721.05', '692.76', 3, '721.05', '716.81', '28.29', '24.05', '0.0000', '0.00', '90.00', '15.00', '0.00', '4.24', '0.00', '2020-06-05 13:05:22', 2),
(12, 26, 70, '10.45', 20, '209.00', '198.20', 2, '209.00', '207.38', '10.80', '9.18', '0.0000', '0.00', '93.00', '15.00', '0.00', '1.62', '0.00', '2020-06-05 13:05:34', 2),
(13, 27, 51, '128.15', 2, '256.30', '233.98', 28, '256.30', '251.80', '22.32', '17.82', '0.0000', '0.20', '6.00', '20.00', '0.00', '4.46', '0.04', '2020-06-09 13:09:14', 2),
(14, 27, 52, '128.15', 1, '128.15', '113.50', 26, '128.15', '125.22', '14.65', '11.72', '0.0000', '0.00', '13.00', '20.00', '0.00', '2.93', '0.00', '2020-06-09 13:09:27', 2),
(15, 36, 73, '91.10', 2, '182.20', '212.90', 152, '182.20', '182.20', '-30.70', '-30.70', '0.0000', '0.00', '0.00', '20.00', '0.00', '0.00', '0.00', '2020-06-09 13:09:48', 2),
(16, 36, 77, '91.10', 2, '182.20', '157.86', 62, '182.20', '177.31', '24.34', '19.45', '0.0000', '0.00', '0.00', '20.00', '0.00', '4.89', '0.00', '2020-06-09 13:09:59', 2),
(17, 36, 80, '91.10', 1, '91.10', '85.00', 47, '91.10', '89.88', '6.10', '4.88', '0.0000', '0.00', '0.00', '20.00', '0.00', '1.22', '0.00', '2020-06-09 13:09:12', 2),
(18, 36, 82, '91.10', 1, '91.10', '85.00', 47, '91.10', '89.88', '6.10', '4.88', '0.0000', '0.00', '0.00', '20.00', '0.00', '1.22', '0.00', '2020-06-09 13:09:07', 2),
(19, 36, 83, '91.10', 1, '91.10', '81.70', 47, '91.10', '89.22', '9.40', '7.52', '0.0000', '0.00', '0.00', '20.00', '0.00', '1.88', '0.00', '2020-06-09 13:09:18', 2),
(20, 36, 84, '91.10', 1, '91.10', '83.65', 12, '91.10', '89.61', '7.45', '5.96', '0.0000', '0.00', '60.00', '20.00', '0.00', '1.49', '0.00', '2020-06-09 13:09:30', 2),
(21, 26, 104, '10.46', 30, '313.80', '307.50', 1, '313.80', '312.86', '6.30', '5.36', '0.0000', '0.00', '96.00', '15.00', '0.00', '0.94', '0.00', '2020-06-09 18:09:03', 2),
(22, 31, 100, '20.84', 15, '312.60', '307.65', 5, '312.60', '311.86', '4.95', '4.21', '0.0000', '0.00', '83.00', '15.00', '0.00', '0.74', '0.00', '2020-06-09 18:09:30', 2),
(23, 43, 105, '6.05', 30, '181.50', '177.30', 1, '181.50', '180.87', '4.20', '3.57', '0.0000', '0.00', '96.00', '15.00', '0.00', '0.63', '0.00', '2020-06-09 19:09:59', 2),
(24, 26, 112, '9.59', 15, '143.85', '154.65', 21, '143.85', '143.85', '-10.80', '-10.80', '0.0000', '0.00', '30.00', '15.00', '0.00', '0.00', '0.00', '2020-07-01 08:01:31', 2),
(25, 26, 115, '9.59', 10, '95.90', '97.30', 18, '95.90', '95.90', '-1.40', '-1.40', '0.0000', '0.00', '40.00', '15.00', '0.00', '0.00', '0.00', '2020-07-01 08:01:31', 2),
(26, 26, 118, '9.59', 4, '38.36', '38.40', 18, '38.36', '38.36', '-0.04', '-0.04', '0.0000', '0.00', '40.00', '15.00', '0.00', '0.00', '0.00', '2020-07-01 08:01:31', 2),
(27, 46, 113, '9.50', 15, '142.50', '146.85', 21, '142.50', '142.50', '-4.35', '-4.35', '0.0000', '0.00', '30.00', '15.00', '0.00', '0.00', '0.00', '2020-07-01 08:01:06', 2),
(28, 46, 117, '9.50', 8, '76.00', '75.84', 18, '76.00', '75.98', '0.16', '0.14', '0.0000', '0.00', '40.00', '15.00', '0.00', '0.02', '0.00', '2020-07-01 08:01:06', 2),
(29, 42, 103, '21.52', 20, '430.40', '450.00', 22, '430.40', '430.40', '-19.60', '-19.60', '0.0000', '0.00', '26.00', '15.00', '0.00', '0.00', '0.00', '2020-07-01 08:01:41', 2),
(30, 42, 108, '21.52', 7, '150.64', '152.25', 21, '150.64', '150.64', '-1.61', '-1.61', '0.0000', '0.00', '30.00', '15.00', '0.00', '0.00', '0.00', '2020-07-01 08:01:41', 2),
(31, 42, 116, '21.52', 6, '129.12', '124.32', 18, '129.12', '128.40', '4.80', '4.08', '0.0000', '0.00', '40.00', '15.00', '0.00', '0.72', '0.00', '2020-07-01 08:01:41', 2),
(32, 48, 121, '100.00', 1, '100.00', '100.00', 7, '100.05', '100.00', '0.05', '0.00', '2.1500', '0.00', '76.00', '22.50', '0.03', '0.01', '0.00', '2020-07-14 10:14:00', 2),
(33, 28, 94, '26.25', 4, '105.00', '105.00', 111, '106.18', '105.91', '1.18', '0.91', '3.7300', '0.10', '0.00', '22.50', '0.00', '0.26', '0.00', '2020-07-28 14:28:54', 2),
(34, 28, 95, '27.47', 8, '219.76', '219.76', 96, '221.48', '221.09', '1.72', '1.33', '3.0000', '0.10', '0.00', '22.50', '0.00', '0.39', '0.00', '2020-07-28 14:28:54', 2),
(35, 29, 96, '19.72', 3, '59.16', '59.16', 233, '60.80', '60.47', '1.64', '1.31', '4.3800', '0.10', '0.00', '20.00', '0.00', '0.33', '0.00', '2020-07-30 13:30:38', 2),
(36, 29, 97, '19.72', 31, '611.32', '611.32', 225, '627.70', '624.41', '16.38', '13.09', '4.3800', '0.10', '0.00', '20.00', '0.00', '3.28', '0.02', '2020-07-30 13:30:38', 2),
(37, 29, 98, '19.64', 21, '412.44', '412.44', 204, '421.88', '419.98', '9.44', '7.54', '4.1300', '0.10', '0.00', '20.00', '0.00', '1.89', '0.01', '2020-07-30 13:30:38', 2),
(38, 29, 99, '16.53', 3, '49.59', '49.59', 113, '50.30', '50.14', '0.71', '0.55', '4.7200', '0.10', '0.00', '22.50', '0.00', '0.16', '0.00', '2020-07-30 13:30:38', 2),
(39, 30, 56, '49.78', 6, '298.68', '316.08', 76, '298.68', '298.68', '-17.40', '-17.40', '0.0000', '0.00', '0.00', '15.00', '0.00', '0.00', '0.00', '2020-08-17 14:17:49', 2),
(40, 30, 101, '49.78', 1, '49.78', '47.40', 73, '49.78', '49.42', '2.38', '2.02', '0.0000', '0.00', '0.00', '15.00', '0.00', '0.36', '0.00', '2020-08-17 14:17:49', 2),
(41, 30, 133, '49.78', 1, '49.78', '48.45', 34, '49.78', '49.58', '1.33', '1.13', '0.0000', '0.00', '0.00', '15.00', '0.00', '0.20', '0.00', '2020-08-17 14:17:49', 2),
(42, 30, 141, '49.78', 1, '49.78', '47.88', 32, '49.78', '49.50', '1.90', '1.62', '0.0000', '0.00', '0.00', '15.00', '0.00', '0.29', '0.00', '2020-08-17 14:17:49', 2),
(43, 31, 124, '21.80', 6, '130.80', '125.46', 39, '130.80', '130.00', '5.34', '4.54', '0.0000', '0.00', '0.00', '15.00', '0.00', '0.80', '0.00', '2020-08-17 17:17:43', 2),
(44, 31, 134, '21.80', 3, '65.40', '62.40', 34, '65.40', '64.95', '3.00', '2.55', '0.0000', '0.00', '0.00', '15.00', '0.00', '0.45', '0.00', '2020-08-17 17:17:43', 2),
(45, 24, 90, '105.71', 3, '317.13', '317.13', 132, '321.28', '320.34', '4.15', '3.21', '3.6500', '0.10', '0.00', '22.50', '0.00', '0.93', '0.00', '2020-08-18 21:18:02', 2),
(46, 24, 107, '106.23', 6, '637.38', '637.38', 71, '641.11', '640.26', '3.73', '2.88', '3.0300', '0.10', '0.00', '22.50', '0.00', '0.84', '0.00', '2020-08-18 21:18:02', 2),
(47, 32, 53, '18.52', 13, '240.76', '250.25', 90, '240.76', '240.76', '-9.49', '-9.49', '0.0000', '0.00', '0.00', '15.00', '0.00', '0.00', '0.00', '2020-08-31 13:31:39', 2),
(48, 32, 102, '18.52', 5, '92.60', '89.00', 87, '92.60', '92.06', '3.60', '3.06', '0.0000', '0.00', '0.00', '15.00', '0.00', '0.54', '0.00', '2020-08-31 13:31:39', 2),
(49, 32, 109, '18.52', 10, '185.20', '184.40', 82, '185.20', '185.08', '0.80', '0.68', '0.0000', '0.00', '0.00', '15.00', '0.00', '0.12', '0.00', '2020-08-31 13:31:39', 2),
(50, 32, 125, '18.52', 5, '92.60', '89.20', 52, '92.60', '92.09', '3.40', '2.89', '0.0000', '0.00', '0.00', '15.00', '0.00', '0.51', '0.00', '2020-08-31 13:31:39', 2),
(51, 32, 126, '18.52', 1, '18.52', '17.80', 52, '18.52', '18.41', '0.72', '0.61', '0.0000', '0.00', '0.00', '15.00', '0.00', '0.11', '0.00', '2020-08-31 13:31:39', 2),
(52, 32, 129, '18.52', 3, '55.56', '52.89', 51, '55.56', '55.16', '2.67', '2.27', '0.0000', '0.00', '0.00', '15.00', '0.00', '0.40', '0.00', '2020-08-31 13:31:39', 2),
(53, 32, 173, '18.52', 5, '92.60', '86.50', 13, '92.60', '91.69', '6.10', '5.19', '0.0000', '0.00', '56.00', '15.00', '0.00', '0.92', '0.00', '2020-08-31 13:31:39', 2),
(54, 32, 175, '18.52', 5, '92.60', '85.65', 13, '92.60', '91.56', '6.95', '5.91', '0.0000', '0.00', '56.00', '15.00', '0.00', '1.04', '0.00', '2020-08-31 13:31:39', 2),
(55, 32, 179, '18.52', 3, '55.56', '51.60', 12, '55.56', '54.97', '3.96', '3.37', '0.0000', '0.00', '60.00', '15.00', '0.00', '0.59', '0.00', '2020-08-31 13:31:40', 2),
(56, 44, 106, '500.00', 1, '500.00', '500.00', 85, '523.80', '518.14', '23.80', '18.14', '22.0000', '1.30', '0.00', '22.50', '0.00', '5.36', '0.31', '2020-09-01 22:01:38', 2),
(57, 44, 122, '500.00', 1, '500.00', '500.00', 57, '515.84', '512.07', '15.84', '12.07', '22.0000', '1.30', '0.00', '22.50', '0.00', '3.56', '0.21', '2020-09-01 22:01:38', 2),
(58, 44, 130, '200.00', 1, '200.00', '200.00', 50, '205.57', '204.24', '5.57', '4.24', '22.0000', '1.30', '0.00', '22.50', '0.00', '1.25', '0.07', '2020-09-01 22:01:38', 2),
(59, 31, 185, '22.62', 5, '113.10', '107.20', 49, '113.10', '112.22', '5.90', '5.02', '0.0000', '0.00', '0.00', '15.00', '0.00', '0.89', '0.00', '2020-10-20 17:20:47', 2),
(60, 31, 188, '22.62', 5, '113.10', '106.00', 48, '113.10', '112.04', '7.10', '6.04', '0.0000', '0.00', '0.00', '15.00', '0.00', '1.07', '0.00', '2020-10-20 17:20:47', 2),
(61, 31, 191, '22.62', 5, '113.10', '105.50', 46, '113.10', '111.96', '7.60', '6.46', '0.0000', '0.00', '0.00', '15.00', '0.00', '1.14', '0.00', '2020-10-20 17:20:47', 2),
(62, 31, 192, '22.62', 5, '113.10', '105.00', 46, '113.10', '111.89', '8.10', '6.89', '0.0000', '0.00', '0.00', '15.00', '0.00', '1.22', '0.00', '2020-10-20 17:20:47', 2),
(63, 31, 196, '22.62', 5, '113.10', '104.80', 39, '113.10', '111.86', '8.30', '7.06', '0.0000', '0.00', '0.00', '15.00', '0.00', '1.25', '0.00', '2020-10-20 17:20:47', 2),
(64, 31, 201, '22.62', 5, '113.10', '105.30', 29, '113.10', '111.93', '7.80', '6.63', '0.0000', '0.00', '3.00', '15.00', '0.00', '1.17', '0.00', '2020-10-20 17:20:47', 2),
(65, 47, 120, '9.60', 11, '105.60', '105.05', 110, '105.60', '105.52', '0.55', '0.47', '0.0000', '0.00', '0.00', '15.00', '0.00', '0.08', '0.00', '2020-10-20 17:20:35', 2),
(66, 47, 140, '9.60', 3, '28.80', '28.35', 97, '28.80', '28.73', '0.45', '0.38', '0.0000', '0.00', '0.00', '15.00', '0.00', '0.07', '0.00', '2020-10-20 17:20:35', 2),
(67, 47, 143, '9.60', 3, '28.80', '28.29', 96, '28.80', '28.72', '0.51', '0.43', '0.0000', '0.00', '0.00', '15.00', '0.00', '0.08', '0.00', '2020-10-20 17:20:35', 2),
(68, 47, 144, '9.60', 2, '19.20', '18.78', 96, '19.20', '19.14', '0.42', '0.36', '0.0000', '0.00', '0.00', '15.00', '0.00', '0.06', '0.00', '2020-10-20 17:20:35', 2),
(69, 47, 145, '9.60', 3, '28.80', '28.05', 88, '28.80', '28.69', '0.75', '0.64', '0.0000', '0.00', '0.00', '15.00', '0.00', '0.11', '0.00', '2020-10-20 17:20:36', 2),
(70, 47, 184, '9.60', 7, '67.20', '66.08', 54, '67.20', '67.03', '1.12', '0.95', '0.0000', '0.00', '0.00', '15.00', '0.00', '0.17', '0.00', '2020-10-20 17:20:36', 2),
(71, 47, 204, '9.60', 5, '48.00', '46.55', 29, '48.00', '47.78', '1.45', '1.23', '0.0000', '0.00', '3.00', '15.00', '0.00', '0.22', '0.00', '2020-10-20 17:20:36', 2),
(72, 47, 207, '9.60', 5, '48.00', '46.65', 22, '48.00', '47.80', '1.35', '1.15', '0.0000', '0.00', '26.00', '15.00', '0.00', '0.20', '0.00', '2020-10-20 17:20:36', 2),
(73, 47, 213, '9.60', 10, '96.00', '93.70', 4, '96.00', '95.66', '2.30', '1.96', '0.0000', '0.00', '86.00', '15.00', '0.00', '0.35', '0.00', '2020-10-20 17:20:36', 2);

-- --------------------------------------------------------

--
-- Estrutura da tabela `usuario`
--

CREATE TABLE `usuario` (
  `cdUsuario` bigint(20) NOT NULL,
  `nmUsuario` varchar(50) NOT NULL,
  `dsSenha` varchar(100) NOT NULL,
  `cdPermissao` int(11) NOT NULL,
  `dtUpdate` datetime NOT NULL,
  `cdUsuarioUpdate` int(11) NOT NULL
) ENGINE=InnoDB DEFAULT CHARSET=utf8;

--
-- Extraindo dados da tabela `usuario`
--

INSERT INTO `usuario` (`cdUsuario`, `nmUsuario`, `dsSenha`, `cdPermissao`, `dtUpdate`, `cdUsuarioUpdate`) VALUES
(1, 'admin', 'd033e22ae348aeb5660fc2140aec35850c4da997', 1, '0000-00-00 00:00:00', 0),
(2, 'fer', 'cef48cb4569d34364e0e86067efa14fbe9b4591e', 1, '0000-00-00 00:00:00', 0);

--
-- Índices para tabelas despejadas
--

--
-- Índices para tabela `aportes`
--
ALTER TABLE `aportes`
  ADD PRIMARY KEY (`cdAporte`),
  ADD KEY `cdPapel` (`cdPapel`),
  ADD KEY `cdUsuario` (`cdUsuario`);

--
-- Índices para tabela `historicoCotacoes`
--
ALTER TABLE `historicoCotacoes`
  ADD PRIMARY KEY (`cdHistorico`),
  ADD KEY `cdPapel` (`cdPapel`);

--
-- Índices para tabela `informe`
--
ALTER TABLE `informe`
  ADD PRIMARY KEY (`cdInforme`),
  ADD UNIQUE KEY `idx_informe` (`dtInforme`,`cdUsuario`,`descricao`) USING BTREE,
  ADD KEY `cdUsuario` (`cdUsuario`);

--
-- Índices para tabela `lancamentos`
--
ALTER TABLE `lancamentos`
  ADD PRIMARY KEY (`cdLancamento`),
  ADD KEY `cdUsuario` (`cdUsuario`);

--
-- Índices para tabela `papel`
--
ALTER TABLE `papel`
  ADD PRIMARY KEY (`cdPapel`),
  ADD KEY `cdUsuario` (`cdUsuario`);

--
-- Índices para tabela `proventos`
--
ALTER TABLE `proventos`
  ADD PRIMARY KEY (`cdProvento`),
  ADD KEY `cdUsuario` (`cdUsuario`);

--
-- Índices para tabela `resgates`
--
ALTER TABLE `resgates`
  ADD PRIMARY KEY (`cdResgate`),
  ADD KEY `cdPapel` (`cdPapel`),
  ADD KEY `cdAporte` (`cdAporte`),
  ADD KEY `cdUsuario` (`cdUsuario`);

--
-- Índices para tabela `usuario`
--
ALTER TABLE `usuario`
  ADD PRIMARY KEY (`cdUsuario`),
  ADD UNIQUE KEY `nmUsuario` (`nmUsuario`),
  ADD UNIQUE KEY `dsSenha` (`dsSenha`);

--
-- AUTO_INCREMENT de tabelas despejadas
--

--
-- AUTO_INCREMENT de tabela `aportes`
--
ALTER TABLE `aportes`
  MODIFY `cdAporte` bigint(20) NOT NULL AUTO_INCREMENT, AUTO_INCREMENT=269;

--
-- AUTO_INCREMENT de tabela `historicoCotacoes`
--
ALTER TABLE `historicoCotacoes`
  MODIFY `cdHistorico` bigint(20) NOT NULL AUTO_INCREMENT, AUTO_INCREMENT=278;

--
-- AUTO_INCREMENT de tabela `informe`
--
ALTER TABLE `informe`
  MODIFY `cdInforme` bigint(20) NOT NULL AUTO_INCREMENT, AUTO_INCREMENT=856;

--
-- AUTO_INCREMENT de tabela `lancamentos`
--
ALTER TABLE `lancamentos`
  MODIFY `cdLancamento` bigint(20) NOT NULL AUTO_INCREMENT, AUTO_INCREMENT=302;

--
-- AUTO_INCREMENT de tabela `papel`
--
ALTER TABLE `papel`
  MODIFY `cdPapel` bigint(20) NOT NULL AUTO_INCREMENT, AUTO_INCREMENT=64;

--
-- AUTO_INCREMENT de tabela `proventos`
--
ALTER TABLE `proventos`
  MODIFY `cdProvento` bigint(20) NOT NULL AUTO_INCREMENT, AUTO_INCREMENT=77;

--
-- AUTO_INCREMENT de tabela `resgates`
--
ALTER TABLE `resgates`
  MODIFY `cdResgate` bigint(20) NOT NULL AUTO_INCREMENT, AUTO_INCREMENT=75;

--
-- AUTO_INCREMENT de tabela `usuario`
--
ALTER TABLE `usuario`
  MODIFY `cdUsuario` bigint(20) NOT NULL AUTO_INCREMENT, AUTO_INCREMENT=3;

--
-- Restrições para despejos de tabelas
--

--
-- Limitadores para a tabela `aportes`
--
ALTER TABLE `aportes`
  ADD CONSTRAINT `aportes_ibfk_1` FOREIGN KEY (`cdPapel`) REFERENCES `papel` (`cdPapel`),
  ADD CONSTRAINT `aportes_ibfk_2` FOREIGN KEY (`cdUsuario`) REFERENCES `usuario` (`cdUsuario`);

--
-- Limitadores para a tabela `informe`
--
ALTER TABLE `informe`
  ADD CONSTRAINT `informe_ibfk_1` FOREIGN KEY (`cdUsuario`) REFERENCES `usuario` (`cdUsuario`);

--
-- Limitadores para a tabela `lancamentos`
--
ALTER TABLE `lancamentos`
  ADD CONSTRAINT `lancamentos_ibfk_1` FOREIGN KEY (`cdUsuario`) REFERENCES `usuario` (`cdUsuario`);

--
-- Limitadores para a tabela `papel`
--
ALTER TABLE `papel`
  ADD CONSTRAINT `papel_ibfk_1` FOREIGN KEY (`cdUsuario`) REFERENCES `usuario` (`cdUsuario`);

--
-- Limitadores para a tabela `proventos`
--
ALTER TABLE `proventos`
  ADD CONSTRAINT `proventos_ibfk_1` FOREIGN KEY (`cdUsuario`) REFERENCES `usuario` (`cdUsuario`);

--
-- Limitadores para a tabela `resgates`
--
ALTER TABLE `resgates`
  ADD CONSTRAINT `resgates_ibfk_1` FOREIGN KEY (`cdPapel`) REFERENCES `papel` (`cdPapel`),
  ADD CONSTRAINT `resgates_ibfk_2` FOREIGN KEY (`cdAporte`) REFERENCES `aportes` (`cdAporte`),
  ADD CONSTRAINT `resgates_ibfk_3` FOREIGN KEY (`cdUsuario`) REFERENCES `usuario` (`cdUsuario`);
COMMIT;

/*!40101 SET CHARACTER_SET_CLIENT=@OLD_CHARACTER_SET_CLIENT */;
/*!40101 SET CHARACTER_SET_RESULTS=@OLD_CHARACTER_SET_RESULTS */;
/*!40101 SET COLLATION_CONNECTION=@OLD_COLLATION_CONNECTION */;
